2026-09-17 14:50:10 - MEGAHIT v1.2.9
2026-09-17 14:50:10 - Using megahit_core with POPCNT and BMI2 support
2026-09-17 14:50:10 - Convert reads to binary library
2026-09-17 14:50:10 - command /zfs/softs/contrib/apps/anaconda/3/envs/megahit-1.2.9/bin/megahit_core buildlib /zfs/work/aphernand001/Metagenoil/mag-pipeline/work/53/078c6eb263c5f4fc10707c48b201cd/megahit_out/tmp/reads.lib /zfs/work/aphernand001/Metagenoil/mag-pipeline/work/53/078c6eb263c5f4fc10707c48b201cd/megahit_out/tmp/reads.lib
2026-09-17 14:50:10 - b'INFO  sequence/io/sequence_lib.cpp  :   75 - Lib 0 (/zfs/work/aphernand001/Metagenoil/mag-pipeline/work/53/078c6eb263c5f4fc10707c48b201cd/minigut1_R1.trimmed.fastq.gz,/zfs/work/aphernand001/Metagenoil/mag-pipeline/work/53/078c6eb263c5f4fc10707c48b201cd/minigut1_R2.trimmed.fastq.gz): pe, 99592 reads, 126 max length'
2026-09-17 14:50:11 - b'INFO  sequence/io/sequence_lib.cpp  :   75 - Lib 1 (/zfs/work/aphernand001/Metagenoil/mag-pipeline/work/53/078c6eb263c5f4fc10707c48b201cd/minigut2_R1.trimmed.fastq.gz,/zfs/work/aphernand001/Metagenoil/mag-pipeline/work/53/078c6eb263c5f4fc10707c48b201cd/minigut2_R2.trimmed.fastq.gz): pe, 49974 reads, 151 max length'
2026-09-17 14:50:11 - b'INFO  utils/utils.h                 :  152 - Real: 0.5685\tuser: 0.3390\tsys: 0.0570\tmaxrss: 13884'
2026-09-17 14:50:11 - k-max reset to: 141 
2026-09-17 14:50:11 - Start assembly. Number of CPU threads 2 
2026-09-17 14:50:11 - k list: 21,29,39,59,79,99,119,141 
2026-09-17 14:50:11 - Memory used: 6442450944
2026-09-17 14:50:11 - Extract solid (k+1)-mers for k = 21 
2026-09-17 14:50:11 - command /zfs/softs/contrib/apps/anaconda/3/envs/megahit-1.2.9/bin/megahit_core count -k 21 -m 2 --host_mem 6442450944 --mem_flag 1 --output_prefix /zfs/work/aphernand001/Metagenoil/mag-pipeline/work/53/078c6eb263c5f4fc10707c48b201cd/megahit_out/tmp/k21/21 --num_cpu_threads 2 --read_lib_file /zfs/work/aphernand001/Metagenoil/mag-pipeline/work/53/078c6eb263c5f4fc10707c48b201cd/megahit_out/tmp/reads.lib
2026-09-17 14:50:11 - b'INFO  sorting/base_engine.cpp       :  148 - Preparing data...'
2026-09-17 14:50:11 - b'INFO  sequence/io/sequence_lib.cpp  :  115 - Before reading, sizeof seq_package: 6219300'
2026-09-17 14:50:11 - b'INFO  sequence/io/sequence_lib.cpp  :  117 - After reading, sizeof seq_package: 6219300'
2026-09-17 14:50:11 - b'INFO  sorting/kmer_counter.cpp      :   76 - 149566 reads, 151 max read length'
2026-09-17 14:50:11 - b'INFO  sorting/kmer_counter.cpp      :   82 - 2 words per substring, 2 words per edge'
2026-09-17 14:50:11 - b'INFO  sorting/base_engine.cpp       :  153 - Preparing data... Done. Time elapsed: 0.0412'
2026-09-17 14:50:11 - b'INFO  sorting/base_engine.cpp       :  156 - Preparing partitions and calculating bucket sizes...'
2026-09-17 14:50:11 - b'INFO  sorting/base_engine.cpp       :   80 - Minimum memory required: 9221568 bytes'
2026-09-17 14:50:11 - b'INFO  sorting/base_engine.cpp       :  138 - Lv1 items: 2260031, Lv2 items: 4275'
2026-09-17 14:50:11 - b'INFO  sorting/base_engine.cpp       :  139 - Memory of derived class: 8621396, Memory for Lv1+Lv2: 9108524'
2026-09-17 14:50:11 - b'INFO  sorting/base_engine.cpp       :  165 - Preparing partitions and calculating bucket sizes... Done. Time elapsed: 0.4033'
2026-09-17 14:50:11 - b'INFO  sorting/base_engine.cpp       :  172 - Start main loop...'
2026-09-17 14:50:11 - b'INFO  sorting/base_engine.cpp       :  185 - Lv1 scanning from bucket 0 to 1754'
2026-09-17 14:50:12 - b'INFO  sorting/base_engine.cpp       :  192 - Lv1 scanning done. Large diff: 0. Time elapsed: 0.4533'
2026-09-17 14:50:12 - b'INFO  sorting/base_engine.cpp       :  198 - Lv1 fetching & sorting done. Time elapsed: 0.3603'
2026-09-17 14:50:12 - b'INFO  sorting/base_engine.cpp       :  185 - Lv1 scanning from bucket 1754 to 4811'
2026-09-17 14:50:12 - b'INFO  sorting/base_engine.cpp       :  192 - Lv1 scanning done. Large diff: 0. Time elapsed: 0.4618'
2026-09-17 14:50:13 - b'INFO  sorting/base_engine.cpp       :  198 - Lv1 fetching & sorting done. Time elapsed: 0.3553'
2026-09-17 14:50:13 - b'INFO  sorting/base_engine.cpp       :  185 - Lv1 scanning from bucket 4811 to 8976'
2026-09-17 14:50:13 - b'INFO  sorting/base_engine.cpp       :  192 - Lv1 scanning done. Large diff: 0. Time elapsed: 0.4603'
2026-09-17 14:50:14 - b'INFO  sorting/base_engine.cpp       :  198 - Lv1 fetching & sorting done. Time elapsed: 0.3490'
2026-09-17 14:50:14 - b'INFO  sorting/base_engine.cpp       :  185 - Lv1 scanning from bucket 8976 to 14405'
2026-09-17 14:50:14 - b'INFO  sorting/base_engine.cpp       :  192 - Lv1 scanning done. Large diff: 0. Time elapsed: 0.4695'
2026-09-17 14:50:14 - b'INFO  sorting/base_engine.cpp       :  198 - Lv1 fetching & sorting done. Time elapsed: 0.3557'
2026-09-17 14:50:14 - b'INFO  sorting/base_engine.cpp       :  185 - Lv1 scanning from bucket 14405 to 21456'
2026-09-17 14:50:15 - b'INFO  sorting/base_engine.cpp       :  192 - Lv1 scanning done. Large diff: 0. Time elapsed: 0.4648'
2026-09-17 14:50:15 - b'INFO  sorting/base_engine.cpp       :  198 - Lv1 fetching & sorting done. Time elapsed: 0.3624'
2026-09-17 14:50:15 - b'INFO  sorting/base_engine.cpp       :  185 - Lv1 scanning from bucket 21456 to 30991'
2026-09-17 14:50:16 - b'INFO  sorting/base_engine.cpp       :  192 - Lv1 scanning done. Large diff: 0. Time elapsed: 0.4718'
2026-09-17 14:50:16 - b'INFO  sorting/base_engine.cpp       :  198 - Lv1 fetching & sorting done. Time elapsed: 0.3666'
2026-09-17 14:50:16 - b'INFO  sorting/base_engine.cpp       :  185 - Lv1 scanning from bucket 30991 to 46127'
2026-09-17 14:50:17 - b'INFO  sorting/base_engine.cpp       :  192 - Lv1 scanning done. Large diff: 0. Time elapsed: 0.4803'
2026-09-17 14:50:17 - b'INFO  sorting/base_engine.cpp       :  198 - Lv1 fetching & sorting done. Time elapsed: 0.3758'
2026-09-17 14:50:17 - b'INFO  sorting/base_engine.cpp       :  185 - Lv1 scanning from bucket 46127 to 65536'
2026-09-17 14:50:17 - b'INFO  sorting/base_engine.cpp       :  192 - Lv1 scanning done. Large diff: 0. Time elapsed: 0.4295'
2026-09-17 14:50:18 - b'INFO  sorting/base_engine.cpp       :  198 - Lv1 fetching & sorting done. Time elapsed: 0.1869'
2026-09-17 14:50:18 - b'INFO  sorting/base_engine.cpp       :  204 - Main loop done. Time elapsed: 6.4053'
2026-09-17 14:50:18 - b'INFO  sorting/base_engine.cpp       :  207 - Postprocessing...'
2026-09-17 14:50:18 - b'INFO  sorting/kmer_counter.cpp      :  405 - Total number of candidate reads: 10225 (21415)'
2026-09-17 14:50:18 - b'INFO  sorting/kmer_counter.cpp      :  407 - Total number of solid edges: 2728051'
2026-09-17 14:50:18 - b'INFO  sorting/base_engine.cpp       :  210 - Postprocess done. Time elapsed: 0.1921'
2026-09-17 14:50:18 - b'INFO  utils/utils.h                 :  152 - Real: 7.0481\tuser: 13.8680\tsys: 0.1507\tmaxrss: 25948'
2026-09-17 14:50:18 - Build graph for k = 21 
2026-09-17 14:50:18 - command /zfs/softs/contrib/apps/anaconda/3/envs/megahit-1.2.9/bin/megahit_core seq2sdbg --host_mem 6442450944 --mem_flag 1 --output_prefix /zfs/work/aphernand001/Metagenoil/mag-pipeline/work/53/078c6eb263c5f4fc10707c48b201cd/megahit_out/tmp/k21/21 --num_cpu_threads 2 -k 21 --kmer_from 0 --input_prefix /zfs/work/aphernand001/Metagenoil/mag-pipeline/work/53/078c6eb263c5f4fc10707c48b201cd/megahit_out/tmp/k21/21 --need_mercy
2026-09-17 14:50:18 - b'INFO  sorting/base_engine.cpp       :  148 - Preparing data...'
2026-09-17 14:50:18 - b'INFO  sorting/seq_to_sdbg.cpp       :  369 - Number edges: 2728051'
2026-09-17 14:50:18 - b'INFO  sorting/seq_to_sdbg.cpp       :  413 - Bases to reserve: 75021386, number contigs: 0, number multiplicity: 3410063'
2026-09-17 14:50:18 - b'INFO  sorting/seq_to_sdbg.cpp       :  421 - Before reading, sizeof seq_package: 18755356, multiplicity vector: 3410063'
2026-09-17 14:50:19 - b'INFO  sorting/seq_to_sdbg.cpp       :  428 - Read 2728051 edges.'
2026-09-17 14:50:19 - b'INFO  sorting/seq_to_sdbg.cpp       :  429 - After reading, sizeof seq_package: 18755356/2728051/60017122, multiplicity vector: 2728051/3410063'
2026-09-17 14:50:19 - b'INFO  sorting/seq_to_sdbg.cpp       :  440 - Adding mercy edges...'
2026-09-17 14:50:19 - b'INFO  sorting/seq_to_sdbg.cpp       :  191 - Read 10225 reads to search for mercy k-mers'
2026-09-17 14:50:20 - b'INFO  sorting/seq_to_sdbg.cpp       :  355 - Number of reads: 10225, Number of mercy edges: 293987'
2026-09-17 14:50:20 - b'INFO  sorting/seq_to_sdbg.cpp       :  444 - Done. Time elapsed: 1.4010'
2026-09-17 14:50:20 - b'INFO  sorting/seq_to_sdbg.cpp       :  445 - After adding mercy, sizeof seq_package: 18755356/3022038/66484836, multiplicity vector: 3022038/3410063'
2026-09-17 14:50:20 - b'INFO  sorting/seq_to_sdbg.cpp       :  506 - Finally, sizeof seq_package: 18755356/3022038/66484836, multiplicity vector: 3022038/3410063'
2026-09-17 14:50:20 - b'INFO  sorting/base_engine.cpp       :  153 - Preparing data... Done. Time elapsed: 2.4417'
2026-09-17 14:50:20 - b'INFO  sorting/base_engine.cpp       :  156 - Preparing partitions and calculating bucket sizes...'
2026-09-17 14:50:20 - b'INFO  sorting/base_engine.cpp       :   80 - Minimum memory required: 26684534 bytes'
2026-09-17 14:50:20 - b'INFO  sorting/base_engine.cpp       :  138 - Lv1 items: 2417630, Lv2 items: 2595'
2026-09-17 14:50:20 - b'INFO  sorting/base_engine.cpp       :  139 - Memory of derived class: 26094922, Memory for Lv1+Lv2: 9691280'
2026-09-17 14:50:20 - b'INFO  sorting/base_engine.cpp       :  165 - Preparing partitions and calculating bucket sizes... Done. Time elapsed: 0.3235'
2026-09-17 14:50:20 - b'INFO  sorting/base_engine.cpp       :  172 - Start main loop...'
2026-09-17 14:50:20 - b'INFO  sorting/base_engine.cpp       :  185 - Lv1 scanning from bucket 0 to 2774'
2026-09-17 14:50:21 - b'INFO  sorting/base_engine.cpp       :  192 - Lv1 scanning done. Large diff: 0. Time elapsed: 0.2601'
2026-09-17 14:50:21 - b'INFO  sorting/base_engine.cpp       :  198 - Lv1 fetching & sorting done. Time elapsed: 0.3412'
2026-09-17 14:50:21 - b'INFO  sorting/base_engine.cpp       :  185 - Lv1 scanning from bucket 2774 to 7090'
2026-09-17 14:50:21 - b'INFO  sorting/base_engine.cpp       :  192 - Lv1 scanning done. Large diff: 0. Time elapsed: 0.1471'
2026-09-17 14:50:22 - b'INFO  sorting/base_engine.cpp       :  198 - Lv1 fetching & sorting done. Time elapsed: 0.3428'
2026-09-17 14:50:22 - b'INFO  sorting/base_engine.cpp       :  185 - Lv1 scanning from bucket 7090 to 12620'
2026-09-17 14:50:22 - b'INFO  sorting/base_engine.cpp       :  192 - Lv1 scanning done. Large diff: 0. Time elapsed: 0.1524'
2026-09-17 14:50:22 - b'INFO  sorting/base_engine.cpp       :  198 - Lv1 fetching & sorting done. Time elapsed: 0.3600'
2026-09-17 14:50:22 - b'INFO  sorting/base_engine.cpp       :  185 - Lv1 scanning from bucket 12620 to 19432'
2026-09-17 14:50:22 - b'INFO  sorting/base_engine.cpp       :  192 - Lv1 scanning done. Large diff: 0. Time elapsed: 0.1560'
2026-09-17 14:50:23 - b'INFO  sorting/base_engine.cpp       :  198 - Lv1 fetching & sorting done. Time elapsed: 0.3447'
2026-09-17 14:50:23 - b'INFO  sorting/base_engine.cpp       :  185 - Lv1 scanning from bucket 19432 to 27753'
2026-09-17 14:50:23 - b'INFO  sorting/base_engine.cpp       :  192 - Lv1 scanning done. Large diff: 0. Time elapsed: 0.1543'
2026-09-17 14:50:23 - b'INFO  sorting/base_engine.cpp       :  198 - Lv1 fetching & sorting done. Time elapsed: 0.3451'
2026-09-17 14:50:23 - b'INFO  sorting/base_engine.cpp       :  185 - Lv1 scanning from bucket 27753 to 38163'
2026-09-17 14:50:23 - b'INFO  sorting/base_engine.cpp       :  192 - Lv1 scanning done. Large diff: 0. Time elapsed: 0.1544'
2026-09-17 14:50:24 - b'INFO  sorting/base_engine.cpp       :  198 - Lv1 fetching & sorting done. Time elapsed: 0.3438'
2026-09-17 14:50:24 - b'INFO  sorting/base_engine.cpp       :  185 - Lv1 scanning from bucket 38163 to 52446'
2026-09-17 14:50:24 - b'INFO  sorting/base_engine.cpp       :  192 - Lv1 scanning done. Large diff: 0. Time elapsed: 0.1544'
2026-09-17 14:50:24 - b'INFO  sorting/base_engine.cpp       :  198 - Lv1 fetching & sorting done. Time elapsed: 0.3646'
2026-09-17 14:50:24 - b'INFO  sorting/base_engine.cpp       :  185 - Lv1 scanning from bucket 52446 to 65536'
2026-09-17 14:50:24 - b'INFO  sorting/base_engine.cpp       :  192 - Lv1 scanning done. Large diff: 0. Time elapsed: 0.1134'
2026-09-17 14:50:24 - b'INFO  sorting/base_engine.cpp       :  198 - Lv1 fetching & sorting done. Time elapsed: 0.1886'
2026-09-17 14:50:24 - b'INFO  sorting/base_engine.cpp       :  204 - Main loop done. Time elapsed: 3.9247'
2026-09-17 14:50:24 - b'INFO  sorting/base_engine.cpp       :  207 - Postprocessing...'
2026-09-17 14:50:25 - b'INFO  sorting/seq_to_sdbg.cpp       :  793 - Number of $ A C G T A- C- G- T-:'
2026-09-17 14:50:25 - b'INFO  sorting/seq_to_sdbg.cpp       :  794 - 16983 1698260 1329182 1329475 1698153 1698 1196 1330 1744'
2026-09-17 14:50:25 - b'INFO  sorting/seq_to_sdbg.cpp       :  800 - Total number of edges: 6078021'
2026-09-17 14:50:25 - b'INFO  sorting/seq_to_sdbg.cpp       :  801 - Total number of ONEs: 6055070'
2026-09-17 14:50:25 - b'INFO  sorting/seq_to_sdbg.cpp       :  802 - Total number of $v edges: 16983'
2026-09-17 14:50:25 - b'INFO  sorting/base_engine.cpp       :  210 - Postprocess done. Time elapsed: 0.2134'
2026-09-17 14:50:25 - b'INFO  utils/utils.h                 :  152 - Real: 6.9138\tuser: 9.6679\tsys: 0.8511\tmaxrss: 307624'
2026-09-17 14:50:25 - Assemble contigs from SdBG for k = 21
2026-09-17 14:50:25 - command /zfs/softs/contrib/apps/anaconda/3/envs/megahit-1.2.9/bin/megahit_core assemble -s /zfs/work/aphernand001/Metagenoil/mag-pipeline/work/53/078c6eb263c5f4fc10707c48b201cd/megahit_out/tmp/k21/21 -o /zfs/work/aphernand001/Metagenoil/mag-pipeline/work/53/078c6eb263c5f4fc10707c48b201cd/megahit_out/intermediate_contigs/k21 -t 2 --min_standalone 300 --prune_level 2 --merge_len 20 --merge_similar 0.95 --cleaning_rounds 5 --disconnect_ratio 0.1 --low_local_ratio 0.2 --cleaning_rounds 5 --min_depth 2 --bubble_level 2 --max_tip_len -1 --careful_bubble
2026-09-17 14:50:25 - b'INFO  main_assemble.cpp             :  129 - Loading succinct de Bruijn graph: /zfs/work/aphernand001/Metagenoil/mag-pipeline/work/53/078c6eb263c5f4fc10707c48b201cd/megahit_out/tmp/k21/21Done. Time elapsed: 0.466311'
2026-09-17 14:50:25 - b'INFO  main_assemble.cpp             :  133 - Number of Edges: 6078021; K value: 21'
2026-09-17 14:50:25 - b'INFO  main_assemble.cpp             :  140 - Number of CPU threads: 2'
2026-09-17 14:50:26 - b'INFO  assembly/sdbg_pruning.cpp     :  160 - Removing tips with length less than 2; Accumulated tips removed: 104; time elapsed: 0.0602'
2026-09-17 14:50:26 - b'INFO  assembly/sdbg_pruning.cpp     :  160 - Removing tips with length less than 4; Accumulated tips removed: 296; time elapsed: 0.0833'
2026-09-17 14:50:27 - b'INFO  assembly/sdbg_pruning.cpp     :  160 - Removing tips with length less than 8; Accumulated tips removed: 538; time elapsed: 0.1295'
2026-09-17 14:50:27 - b'INFO  assembly/sdbg_pruning.cpp     :  160 - Removing tips with length less than 16; Accumulated tips removed: 1014; time elapsed: 0.2265'
2026-09-17 14:50:27 - b'INFO  assembly/sdbg_pruning.cpp     :  160 - Removing tips with length less than 32; Accumulated tips removed: 1828; time elapsed: 0.3996'
2026-09-17 14:50:28 - b'INFO  assembly/sdbg_pruning.cpp     :  169 - Removing tips with length less than 42; Accumulated tips removed: 2324; time elapsed: 0.4712'
2026-09-17 14:50:28 - b'INFO  main_assemble.cpp             :  158 - Tips removal done! Time elapsed(sec): 2.510'
2026-09-17 14:50:32 - b'INFO  assembly/unitig_graph.cpp     :   83 - Graph size without loops: 15933, palindrome: 21'
2026-09-17 14:50:32 - b'INFO  main_assemble.cpp             :  166 - unitig graph size: 15963, time for building: 4.124'
2026-09-17 14:50:32 - b'INFO  assembly/contig_stat.h        :   40 - Max: 23505, Min: 22, N50: 750, number contigs: 15963, number isolated: 5298, number looped: 30, total size: 3336908,'
2026-09-17 14:50:32 - b'INFO  main_assemble.cpp             :  184 - Graph cleaning round 1'
2026-09-17 14:50:32 - b'INFO  main_assemble.cpp             :  200 - Number of bubbles removed: 2047, Time elapsed(sec): 0.410'
2026-09-17 14:50:32 - b'INFO  main_assemble.cpp             :  210 - Number of complex bubbles removed: 282, Time elapsed(sec): 0.078948'
2026-09-17 14:50:32 - b'INFO  main_assemble.cpp             :  221 - Number unitigs disconnected: 28, time: 0.009'
2026-09-17 14:50:32 - b'INFO  main_assemble.cpp             :  245 - Unitigs removed in excessive pruning: 0, time: 0.001'
2026-09-17 14:50:32 - b'INFO  main_assemble.cpp             :  184 - Graph cleaning round 2'
2026-09-17 14:50:32 - b'INFO  main_assemble.cpp             :  192 - Tips removed: 29, time: 0.023'
2026-09-17 14:50:32 - b'INFO  main_assemble.cpp             :  200 - Number of bubbles removed: 0, Time elapsed(sec): 0.008'
2026-09-17 14:50:32 - b'INFO  main_assemble.cpp             :  210 - Number of complex bubbles removed: 0, Time elapsed(sec): 0.016740'
2026-09-17 14:50:32 - b'INFO  main_assemble.cpp             :  221 - Number unitigs disconnected: 0, time: 0.008'
2026-09-17 14:50:32 - b'INFO  main_assemble.cpp             :  245 - Unitigs removed in excessive pruning: 0, time: 0.001'
2026-09-17 14:50:32 - b'INFO  main_assemble.cpp             :  184 - Graph cleaning round 3'
2026-09-17 14:50:32 - b'INFO  main_assemble.cpp             :  192 - Tips removed: 0, time: 0.022'
2026-09-17 14:50:32 - b'INFO  main_assemble.cpp             :  200 - Number of bubbles removed: 0, Time elapsed(sec): 0.008'
2026-09-17 14:50:32 - b'INFO  main_assemble.cpp             :  210 - Number of complex bubbles removed: 0, Time elapsed(sec): 0.016051'
2026-09-17 14:50:32 - b'INFO  main_assemble.cpp             :  221 - Number unitigs disconnected: 0, time: 0.008'
2026-09-17 14:50:32 - b'INFO  main_assemble.cpp             :  245 - Unitigs removed in excessive pruning: 0, time: 0.001'
2026-09-17 14:50:32 - b'INFO  assembly/contig_stat.h        :   40 - Max: 24062, Min: 22, N50: 1335, number contigs: 8941, number isolated: 7145, number looped: 11, total size: 3135027,'
2026-09-17 14:50:34 - b'INFO  main_assemble.cpp             :  267 - Time to output: 1.266293'
2026-09-17 14:50:34 - b'INFO  main_assemble.cpp             :  286 - Number of local low depth unitigs removed: 7, complex bubbles removed: 0, time: 0.038888'
2026-09-17 14:50:34 - b'INFO  assembly/contig_stat.h        :   40 - Max: 24062, Min: 22, N50: 1335, number contigs: 8921, number isolated: 7145, number looped: 11, total size: 3134484,'
2026-09-17 14:50:35 - b'INFO  utils/utils.h                 :  152 - Real: 10.2895\tuser: 19.8386\tsys: 0.0998\tmaxrss: 26284'
2026-09-17 14:50:35 - Local assembly for k = 21
2026-09-17 14:50:35 - command /zfs/softs/contrib/apps/anaconda/3/envs/megahit-1.2.9/bin/megahit_core local -c /zfs/work/aphernand001/Metagenoil/mag-pipeline/work/53/078c6eb263c5f4fc10707c48b201cd/megahit_out/intermediate_contigs/k21.contigs.fa -l /zfs/work/aphernand001/Metagenoil/mag-pipeline/work/53/078c6eb263c5f4fc10707c48b201cd/megahit_out/tmp/reads.lib -t 2 -o /zfs/work/aphernand001/Metagenoil/mag-pipeline/work/53/078c6eb263c5f4fc10707c48b201cd/megahit_out/intermediate_contigs/k21.local.fa --kmax 29
2026-09-17 14:50:35 - b'INFO  localasm/hash_mapper.cpp      :   99 - Number of contigs: 2601, index size: 291968'
2026-09-17 14:50:35 - b'INFO  localasm/local_assemble.cpp   :  315 - Hash mapper construction time elapsed: 0.192170'
2026-09-17 14:50:35 - b'INFO  sequence/io/sequence_lib.cpp  :  115 - Before reading, sizeof seq_package: 6219300'
2026-09-17 14:50:35 - b'INFO  sequence/io/sequence_lib.cpp  :  117 - After reading, sizeof seq_package: 6219300'
2026-09-17 14:50:35 - b'INFO  localasm/local_assemble.cpp   :  324 - Read lib time elapsed: 0.025120'
2026-09-17 14:50:36 - b'INFO  localasm/local_assemble.cpp   :  133 - Lib 0, insert size: 711.00 sd: 301.62'
2026-09-17 14:50:36 - b'INFO  localasm/local_assemble.cpp   :  133 - Lib 1, insert size: 506.00 sd: 203.52'
2026-09-17 14:50:36 - b'INFO  localasm/local_assemble.cpp   :  330 - Insert size estimation time elapsed: 0.804247'
2026-09-17 14:50:37 - b'INFO  localasm/local_assemble.cpp   :  218 - Lib 0: total 99592 reads, aligned 97990, added 13152 reads to local assembly'
2026-09-17 14:50:37 - b'INFO  localasm/local_assemble.cpp   :  218 - Lib 1: total 49974 reads, aligned 13226, added 14668 reads to local assembly'
2026-09-17 14:50:37 - b'INFO  localasm/local_assemble.cpp   :  338 - Mapping time elapsed: 0.783223'
2026-09-17 14:50:37 - b'INFO  localasm/local_assemble.cpp   :  232 - Minimum number of reads to do local assembly: 4'
2026-09-17 14:50:45 - b'INFO  localasm/local_assemble.cpp   :  346 - Local assembly time elapsed: 8.447088'
2026-09-17 14:50:45 - b'INFO  utils/utils.h                 :  152 - Real: 10.2602\tuser: 20.3802\tsys: 0.0658\tmaxrss: 24400'
2026-09-17 14:50:45 - Extract iterative edges from k = 21 to 29 
2026-09-17 14:50:45 - command /zfs/softs/contrib/apps/anaconda/3/envs/megahit-1.2.9/bin/megahit_core iterate -c /zfs/work/aphernand001/Metagenoil/mag-pipeline/work/53/078c6eb263c5f4fc10707c48b201cd/megahit_out/intermediate_contigs/k21.contigs.fa -b /zfs/work/aphernand001/Metagenoil/mag-pipeline/work/53/078c6eb263c5f4fc10707c48b201cd/megahit_out/intermediate_contigs/k21.bubble_seq.fa -t 2 -k 21 -s 8 -o /zfs/work/aphernand001/Metagenoil/mag-pipeline/work/53/078c6eb263c5f4fc10707c48b201cd/megahit_out/tmp/k29/29 -r /zfs/work/aphernand001/Metagenoil/mag-pipeline/work/53/078c6eb263c5f4fc10707c48b201cd/megahit_out/tmp/reads.lib.bin
2026-09-17 14:50:45 - b'INFO  main_iterate.cpp              :  190 - Selected kmer type size for k: 8'
2026-09-17 14:50:45 - b'INFO  main_iterate.cpp              :  174 - Read 1796 contigs'
2026-09-17 14:50:45 - b'INFO  main_iterate.cpp              :  176 - Number of flank kmers: 3414'
2026-09-17 14:50:45 - b'INFO  main_iterate.cpp              :  174 - Read 6975 contigs'
2026-09-17 14:50:45 - b'INFO  main_iterate.cpp              :  176 - Number of flank kmers: 16355'
2026-09-17 14:50:45 - b'INFO  main_iterate.cpp              :  123 - Selected kmer type size for next k: 8'
2026-09-17 14:50:47 - b'INFO  main_iterate.cpp              :  138 - Processed: 149566, aligned: 6156. Iterative edges: 49149'
2026-09-17 14:50:47 - b'INFO  main_iterate.cpp              :  142 - Total: 149566, aligned: 6156. Iterative edges: 49149'
2026-09-17 14:50:47 - b'INFO  utils/utils.h                 :  152 - Real: 1.6333\tuser: 1.6069\tsys: 0.0270\tmaxrss: 15824'
2026-09-17 14:50:47 - Build graph for k = 29 
2026-09-17 14:50:47 - command /zfs/softs/contrib/apps/anaconda/3/envs/megahit-1.2.9/bin/megahit_core seq2sdbg --host_mem 6442450944 --mem_flag 1 --output_prefix /zfs/work/aphernand001/Metagenoil/mag-pipeline/work/53/078c6eb263c5f4fc10707c48b201cd/megahit_out/tmp/k29/29 --num_cpu_threads 2 -k 29 --kmer_from 21 --input_prefix /zfs/work/aphernand001/Metagenoil/mag-pipeline/work/53/078c6eb263c5f4fc10707c48b201cd/megahit_out/tmp/k29/29 --addi_contig /zfs/work/aphernand001/Metagenoil/mag-pipeline/work/53/078c6eb263c5f4fc10707c48b201cd/megahit_out/intermediate_contigs/k21.addi.fa --local_contig /zfs/work/aphernand001/Metagenoil/mag-pipeline/work/53/078c6eb263c5f4fc10707c48b201cd/megahit_out/intermediate_contigs/k21.local.fa --contig /zfs/work/aphernand001/Metagenoil/mag-pipeline/work/53/078c6eb263c5f4fc10707c48b201cd/megahit_out/intermediate_contigs/k21.contigs.fa --bubble /zfs/work/aphernand001/Metagenoil/mag-pipeline/work/53/078c6eb263c5f4fc10707c48b201cd/megahit_out/intermediate_contigs/k21.bubble_seq.fa
2026-09-17 14:50:47 - b'INFO  sorting/base_engine.cpp       :  148 - Preparing data...'
2026-09-17 14:50:47 - b'INFO  sorting/seq_to_sdbg.cpp       :  369 - Number edges: 49149'
2026-09-17 14:50:47 - b'INFO  sorting/seq_to_sdbg.cpp       :  413 - Bases to reserve: 3757543, number contigs: 20143, number multiplicity: 69292'
2026-09-17 14:50:47 - b'INFO  sorting/seq_to_sdbg.cpp       :  421 - Before reading, sizeof seq_package: 1100540, multiplicity vector: 69292'
2026-09-17 14:50:47 - b'INFO  sorting/seq_to_sdbg.cpp       :  428 - Read 49149 edges.'
2026-09-17 14:50:47 - b'INFO  sorting/seq_to_sdbg.cpp       :  429 - After reading, sizeof seq_package: 1100540/49149/1474470, multiplicity vector: 49149/69292'
2026-09-17 14:50:47 - b'INFO  sorting/seq_to_sdbg.cpp       :  458 - Read 8531 contigs from /zfs/work/aphernand001/Metagenoil/mag-pipeline/work/53/078c6eb263c5f4fc10707c48b201cd/megahit_out/intermediate_contigs/k21.contigs.fa.'
2026-09-17 14:50:47 - b'INFO  sorting/seq_to_sdbg.cpp       :  459 - After reading contigs, sizeof seq_package: 2039928/57680/4597999, multiplicity vector: 57680/69292'
2026-09-17 14:50:47 - b'INFO  sorting/seq_to_sdbg.cpp       :  470 - Read 6293 contigs from /zfs/work/aphernand001/Metagenoil/mag-pipeline/work/53/078c6eb263c5f4fc10707c48b201cd/megahit_out/intermediate_contigs/k21.bubble_seq.fa.'
2026-09-17 14:50:47 - b'INFO  sorting/seq_to_sdbg.cpp       :  471 - After reading contigs, sizeof seq_package: 2039928/63973/5533983, multiplicity vector: 63973/69292'
2026-09-17 14:50:47 - b'INFO  sorting/seq_to_sdbg.cpp       :  484 - Read 3 contigs from /zfs/work/aphernand001/Metagenoil/mag-pipeline/work/53/078c6eb263c5f4fc10707c48b201cd/megahit_out/intermediate_contigs/k21.addi.fa.'
2026-09-17 14:50:47 - b'INFO  sorting/seq_to_sdbg.cpp       :  485 - After reading contigs, sizeof seq_package: 2039928/63976/5538350, multiplicity vector: 63976/69292'
2026-09-17 14:50:47 - b'INFO  sorting/seq_to_sdbg.cpp       :  498 - Read 4221 contigs from /zfs/work/aphernand001/Metagenoil/mag-pipeline/work/53/078c6eb263c5f4fc10707c48b201cd/megahit_out/intermediate_contigs/k21.local.fa.'
2026-09-17 14:50:47 - b'INFO  sorting/seq_to_sdbg.cpp       :  499 - After reading contigs, sizeof seq_package: 2039928/68197/7375607, multiplicity vector: 68197/69292'
2026-09-17 14:50:47 - b'INFO  sorting/seq_to_sdbg.cpp       :  506 - Finally, sizeof seq_package: 2039928/68197/7375607, multiplicity vector: 68197/69292'
2026-09-17 14:50:47 - b'INFO  sorting/base_engine.cpp       :  153 - Preparing data... Done. Time elapsed: 0.0816'
2026-09-17 14:50:47 - b'INFO  sorting/base_engine.cpp       :  156 - Preparing partitions and calculating bucket sizes...'
2026-09-17 14:50:47 - b'INFO  sorting/base_engine.cpp       :   80 - Minimum memory required: 2601792 bytes'
2026-09-17 14:50:47 - b'INFO  sorting/base_engine.cpp       :  138 - Lv1 items: 1475810, Lv2 items: 1532'
2026-09-17 14:50:47 - b'INFO  sorting/base_engine.cpp       :  139 - Memory of derived class: 2236160, Memory for Lv1+Lv2: 5921624'
2026-09-17 14:50:47 - b'INFO  sorting/base_engine.cpp       :  165 - Preparing partitions and calculating bucket sizes... Done. Time elapsed: 0.1367'
2026-09-17 14:50:47 - b'INFO  sorting/base_engine.cpp       :  172 - Start main loop...'
2026-09-17 14:50:47 - b'INFO  sorting/base_engine.cpp       :  185 - Lv1 scanning from bucket 0 to 2812'
2026-09-17 14:50:47 - b'INFO  sorting/base_engine.cpp       :  192 - Lv1 scanning done. Large diff: 0. Time elapsed: 0.1514'
2026-09-17 14:50:48 - b'INFO  sorting/base_engine.cpp       :  198 - Lv1 fetching & sorting done. Time elapsed: 0.2652'
2026-09-17 14:50:48 - b'INFO  sorting/base_engine.cpp       :  185 - Lv1 scanning from bucket 2812 to 7152'
2026-09-17 14:50:48 - b'INFO  sorting/base_engine.cpp       :  192 - Lv1 scanning done. Large diff: 0. Time elapsed: 0.1673'
2026-09-17 14:50:48 - b'INFO  sorting/base_engine.cpp       :  198 - Lv1 fetching & sorting done. Time elapsed: 0.2723'
2026-09-17 14:50:48 - b'INFO  sorting/base_engine.cpp       :  185 - Lv1 scanning from bucket 7152 to 12690'
2026-09-17 14:50:48 - b'INFO  sorting/base_engine.cpp       :  192 - Lv1 scanning done. Large diff: 0. Time elapsed: 0.1774'
2026-09-17 14:50:48 - b'INFO  sorting/base_engine.cpp       :  198 - Lv1 fetching & sorting done. Time elapsed: 0.2665'
2026-09-17 14:50:48 - b'INFO  sorting/base_engine.cpp       :  185 - Lv1 scanning from bucket 12690 to 19486'
2026-09-17 14:50:49 - b'INFO  sorting/base_engine.cpp       :  192 - Lv1 scanning done. Large diff: 0. Time elapsed: 0.1708'
2026-09-17 14:50:49 - b'INFO  sorting/base_engine.cpp       :  198 - Lv1 fetching & sorting done. Time elapsed: 0.2809'
2026-09-17 14:50:49 - b'INFO  sorting/base_engine.cpp       :  185 - Lv1 scanning from bucket 19486 to 27800'
2026-09-17 14:50:49 - b'INFO  sorting/base_engine.cpp       :  192 - Lv1 scanning done. Large diff: 0. Time elapsed: 0.1718'
2026-09-17 14:50:49 - b'INFO  sorting/base_engine.cpp       :  198 - Lv1 fetching & sorting done. Time elapsed: 0.2805'
2026-09-17 14:50:49 - b'INFO  sorting/base_engine.cpp       :  185 - Lv1 scanning from bucket 27800 to 38190'
2026-09-17 14:50:50 - b'INFO  sorting/base_engine.cpp       :  192 - Lv1 scanning done. Large diff: 0. Time elapsed: 0.1729'
2026-09-17 14:50:50 - b'INFO  sorting/base_engine.cpp       :  198 - Lv1 fetching & sorting done. Time elapsed: 0.2753'
2026-09-17 14:50:50 - b'INFO  sorting/base_engine.cpp       :  185 - Lv1 scanning from bucket 38190 to 52461'
2026-09-17 14:50:50 - b'INFO  sorting/base_engine.cpp       :  192 - Lv1 scanning done. Large diff: 0. Time elapsed: 0.1736'
2026-09-17 14:50:50 - b'INFO  sorting/base_engine.cpp       :  198 - Lv1 fetching & sorting done. Time elapsed: 0.2953'
2026-09-17 14:50:50 - b'INFO  sorting/base_engine.cpp       :  185 - Lv1 scanning from bucket 52461 to 65536'
2026-09-17 14:50:50 - b'INFO  sorting/base_engine.cpp       :  192 - Lv1 scanning done. Large diff: 0. Time elapsed: 0.1255'
2026-09-17 14:50:51 - b'INFO  sorting/base_engine.cpp       :  198 - Lv1 fetching & sorting done. Time elapsed: 0.1506'
2026-09-17 14:50:51 - b'INFO  sorting/base_engine.cpp       :  204 - Main loop done. Time elapsed: 3.3991'
2026-09-17 14:50:51 - b'INFO  sorting/base_engine.cpp       :  207 - Postprocessing...'
2026-09-17 14:50:51 - b'INFO  sorting/seq_to_sdbg.cpp       :  793 - Number of $ A C G T A- C- G- T-:'
2026-09-17 14:50:51 - b'INFO  sorting/seq_to_sdbg.cpp       :  794 - 15847 1732840 1356905 1357066 1733011 1809 1368 1346 1842'
2026-09-17 14:50:51 - b'INFO  sorting/seq_to_sdbg.cpp       :  800 - Total number of edges: 6202034'
2026-09-17 14:50:51 - b'INFO  sorting/seq_to_sdbg.cpp       :  801 - Total number of ONEs: 6179822'
2026-09-17 14:50:51 - b'INFO  sorting/seq_to_sdbg.cpp       :  802 - Total number of $v edges: 15847'
2026-09-17 14:50:51 - b'INFO  sorting/base_engine.cpp       :  210 - Postprocess done. Time elapsed: 0.2171'
2026-09-17 14:50:51 - b'INFO  utils/utils.h                 :  152 - Real: 3.8425\tuser: 6.5370\tsys: 0.1287\tmaxrss: 33872'
2026-09-17 14:50:51 - Assemble contigs from SdBG for k = 29
2026-09-17 14:50:51 - command /zfs/softs/contrib/apps/anaconda/3/envs/megahit-1.2.9/bin/megahit_core assemble -s /zfs/work/aphernand001/Metagenoil/mag-pipeline/work/53/078c6eb263c5f4fc10707c48b201cd/megahit_out/tmp/k29/29 -o /zfs/work/aphernand001/Metagenoil/mag-pipeline/work/53/078c6eb263c5f4fc10707c48b201cd/megahit_out/intermediate_contigs/k29 -t 2 --min_standalone 300 --prune_level 2 --merge_len 20 --merge_similar 0.95 --cleaning_rounds 5 --disconnect_ratio 0.1 --low_local_ratio 0.2 --cleaning_rounds 5 --min_depth 2 --bubble_level 2 --max_tip_len -1 --careful_bubble
2026-09-17 14:50:51 - b'INFO  main_assemble.cpp             :  129 - Loading succinct de Bruijn graph: /zfs/work/aphernand001/Metagenoil/mag-pipeline/work/53/078c6eb263c5f4fc10707c48b201cd/megahit_out/tmp/k29/29Done. Time elapsed: 0.470807'
2026-09-17 14:50:51 - b'INFO  main_assemble.cpp             :  133 - Number of Edges: 6202034; K value: 29'
2026-09-17 14:50:51 - b'INFO  main_assemble.cpp             :  140 - Number of CPU threads: 2'
2026-09-17 14:50:52 - b'INFO  assembly/sdbg_pruning.cpp     :  160 - Removing tips with length less than 2; Accumulated tips removed: 60; time elapsed: 0.0586'
2026-09-17 14:50:53 - b'INFO  assembly/sdbg_pruning.cpp     :  160 - Removing tips with length less than 4; Accumulated tips removed: 142; time elapsed: 0.0795'
2026-09-17 14:50:53 - b'INFO  assembly/sdbg_pruning.cpp     :  160 - Removing tips with length less than 8; Accumulated tips removed: 260; time elapsed: 0.1336'
2026-09-17 14:50:53 - b'INFO  assembly/sdbg_pruning.cpp     :  160 - Removing tips with length less than 16; Accumulated tips removed: 450; time elapsed: 0.2245'
2026-09-17 14:50:53 - b'INFO  assembly/sdbg_pruning.cpp     :  160 - Removing tips with length less than 32; Accumulated tips removed: 2772; time elapsed: 0.4010'
2026-09-17 14:50:54 - b'INFO  assembly/sdbg_pruning.cpp     :  169 - Removing tips with length less than 58; Accumulated tips removed: 4440; time elapsed: 0.6266'
2026-09-17 14:50:54 - b'INFO  main_assemble.cpp             :  158 - Tips removal done! Time elapsed(sec): 2.688'
2026-09-17 14:50:58 - b'INFO  assembly/unitig_graph.cpp     :   83 - Graph size without loops: 14513, palindrome: 6'
2026-09-17 14:50:58 - b'INFO  main_assemble.cpp             :  166 - unitig graph size: 14525, time for building: 4.149'
2026-09-17 14:50:58 - b'INFO  assembly/contig_stat.h        :   40 - Max: 34417, Min: 30, N50: 546, number contigs: 14525, number isolated: 4945, number looped: 12, total size: 3439650,'
2026-09-17 14:50:58 - b'INFO  main_assemble.cpp             :  184 - Graph cleaning round 1'
2026-09-17 14:50:59 - b'INFO  main_assemble.cpp             :  200 - Number of bubbles removed: 1974, Time elapsed(sec): 0.465'
2026-09-17 14:50:59 - b'INFO  main_assemble.cpp             :  210 - Number of complex bubbles removed: 267, Time elapsed(sec): 0.100147'
2026-09-17 14:50:59 - b'INFO  main_assemble.cpp             :  221 - Number unitigs disconnected: 85, time: 0.006'
2026-09-17 14:50:59 - b'INFO  main_assemble.cpp             :  245 - Unitigs removed in excessive pruning: 15, time: 0.004'
2026-09-17 14:50:59 - b'INFO  main_assemble.cpp             :  184 - Graph cleaning round 2'
2026-09-17 14:50:59 - b'INFO  main_assemble.cpp             :  192 - Tips removed: 35, time: 0.019'
2026-09-17 14:50:59 - b'INFO  main_assemble.cpp             :  200 - Number of bubbles removed: 4, Time elapsed(sec): 0.011'
2026-09-17 14:50:59 - b'INFO  main_assemble.cpp             :  210 - Number of complex bubbles removed: 2, Time elapsed(sec): 0.009877'
2026-09-17 14:50:59 - b'INFO  main_assemble.cpp             :  221 - Number unitigs disconnected: 1, time: 0.007'
2026-09-17 14:50:59 - b'INFO  main_assemble.cpp             :  245 - Unitigs removed in excessive pruning: 0, time: 0.000'
2026-09-17 14:50:59 - b'INFO  main_assemble.cpp             :  184 - Graph cleaning round 3'
2026-09-17 14:50:59 - b'INFO  main_assemble.cpp             :  192 - Tips removed: 0, time: 0.020'
2026-09-17 14:50:59 - b'INFO  main_assemble.cpp             :  200 - Number of bubbles removed: 0, Time elapsed(sec): 0.007'
2026-09-17 14:50:59 - b'INFO  main_assemble.cpp             :  210 - Number of complex bubbles removed: 0, Time elapsed(sec): 0.011973'
2026-09-17 14:50:59 - b'INFO  main_assemble.cpp             :  221 - Number unitigs disconnected: 0, time: 0.007'
2026-09-17 14:50:59 - b'INFO  main_assemble.cpp             :  245 - Unitigs removed in excessive pruning: 0, time: 0.000'
2026-09-17 14:50:59 - b'INFO  assembly/contig_stat.h        :   40 - Max: 38433, Min: 30, N50: 1700, number contigs: 7644, number isolated: 6515, number looped: 13, total size: 3168409,'
2026-09-17 14:51:00 - b'INFO  main_assemble.cpp             :  267 - Time to output: 1.287179'
2026-09-17 14:51:00 - b'INFO  main_assemble.cpp             :  286 - Number of local low depth unitigs removed: 26, complex bubbles removed: 0, time: 0.027936'
2026-09-17 14:51:00 - b'INFO  assembly/contig_stat.h        :   40 - Max: 38433, Min: 30, N50: 1719, number contigs: 7570, number isolated: 6517, number looped: 13, total size: 3165619,'
2026-09-17 14:51:01 - b'INFO  utils/utils.h                 :  152 - Real: 10.5608\tuser: 20.3878\tsys: 0.1008\tmaxrss: 26576'
2026-09-17 14:51:01 - Local assembly for k = 29
2026-09-17 14:51:01 - command /zfs/softs/contrib/apps/anaconda/3/envs/megahit-1.2.9/bin/megahit_core local -c /zfs/work/aphernand001/Metagenoil/mag-pipeline/work/53/078c6eb263c5f4fc10707c48b201cd/megahit_out/intermediate_contigs/k29.contigs.fa -l /zfs/work/aphernand001/Metagenoil/mag-pipeline/work/53/078c6eb263c5f4fc10707c48b201cd/megahit_out/tmp/reads.lib -t 2 -o /zfs/work/aphernand001/Metagenoil/mag-pipeline/work/53/078c6eb263c5f4fc10707c48b201cd/megahit_out/intermediate_contigs/k29.local.fa --kmax 39
2026-09-17 14:51:02 - b'INFO  localasm/hash_mapper.cpp      :   99 - Number of contigs: 2724, index size: 308973'
2026-09-17 14:51:02 - b'INFO  localasm/local_assemble.cpp   :  315 - Hash mapper construction time elapsed: 0.216870'
2026-09-17 14:51:02 - b'INFO  sequence/io/sequence_lib.cpp  :  115 - Before reading, sizeof seq_package: 6219300'
2026-09-17 14:51:02 - b'INFO  sequence/io/sequence_lib.cpp  :  117 - After reading, sizeof seq_package: 6219300'
2026-09-17 14:51:02 - b'INFO  localasm/local_assemble.cpp   :  324 - Read lib time elapsed: 0.029180'
2026-09-17 14:51:02 - b'INFO  localasm/local_assemble.cpp   :  133 - Lib 0, insert size: 717.00 sd: 302.49'
2026-09-17 14:51:02 - b'INFO  localasm/local_assemble.cpp   :  133 - Lib 1, insert size: 515.00 sd: 205.00'
2026-09-17 14:51:02 - b'INFO  localasm/local_assemble.cpp   :  330 - Insert size estimation time elapsed: 0.799142'
2026-09-17 14:51:03 - b'INFO  localasm/local_assemble.cpp   :  218 - Lib 0: total 99592 reads, aligned 98306, added 9832 reads to local assembly'
2026-09-17 14:51:03 - b'INFO  localasm/local_assemble.cpp   :  218 - Lib 1: total 49974 reads, aligned 14340, added 14148 reads to local assembly'
2026-09-17 14:51:03 - b'INFO  localasm/local_assemble.cpp   :  338 - Mapping time elapsed: 0.796047'
2026-09-17 14:51:03 - b'INFO  localasm/local_assemble.cpp   :  232 - Minimum number of reads to do local assembly: 4'
2026-09-17 14:51:11 - b'INFO  localasm/local_assemble.cpp   :  346 - Local assembly time elapsed: 8.052732'
2026-09-17 14:51:11 - b'INFO  utils/utils.h                 :  152 - Real: 9.9025\tuser: 19.6505\tsys: 0.0838\tmaxrss: 24608'
2026-09-17 14:51:11 - Extract iterative edges from k = 29 to 39 
2026-09-17 14:51:11 - command /zfs/softs/contrib/apps/anaconda/3/envs/megahit-1.2.9/bin/megahit_core iterate -c /zfs/work/aphernand001/Metagenoil/mag-pipeline/work/53/078c6eb263c5f4fc10707c48b201cd/megahit_out/intermediate_contigs/k29.contigs.fa -b /zfs/work/aphernand001/Metagenoil/mag-pipeline/work/53/078c6eb263c5f4fc10707c48b201cd/megahit_out/intermediate_contigs/k29.bubble_seq.fa -t 2 -k 29 -s 10 -o /zfs/work/aphernand001/Metagenoil/mag-pipeline/work/53/078c6eb263c5f4fc10707c48b201cd/megahit_out/tmp/k39/39 -r /zfs/work/aphernand001/Metagenoil/mag-pipeline/work/53/078c6eb263c5f4fc10707c48b201cd/megahit_out/tmp/reads.lib.bin
2026-09-17 14:51:11 - b'INFO  main_iterate.cpp              :  190 - Selected kmer type size for k: 8'
2026-09-17 14:51:11 - b'INFO  main_iterate.cpp              :  174 - Read 1129 contigs'
2026-09-17 14:51:11 - b'INFO  main_iterate.cpp              :  176 - Number of flank kmers: 2200'
2026-09-17 14:51:11 - b'INFO  main_iterate.cpp              :  174 - Read 5820 contigs'
2026-09-17 14:51:11 - b'INFO  main_iterate.cpp              :  176 - Number of flank kmers: 12905'
2026-09-17 14:51:11 - b'INFO  main_iterate.cpp              :  123 - Selected kmer type size for next k: 12'
2026-09-17 14:51:13 - b'INFO  main_iterate.cpp              :  138 - Processed: 149566, aligned: 4711. Iterative edges: 46154'
2026-09-17 14:51:13 - b'INFO  main_iterate.cpp              :  142 - Total: 149566, aligned: 4711. Iterative edges: 46154'
2026-09-17 14:51:13 - b'INFO  utils/utils.h                 :  152 - Real: 2.0868\tuser: 2.0341\tsys: 0.0329\tmaxrss: 13932'
2026-09-17 14:51:13 - Build graph for k = 39 
2026-09-17 14:51:13 - command /zfs/softs/contrib/apps/anaconda/3/envs/megahit-1.2.9/bin/megahit_core seq2sdbg --host_mem 6442450944 --mem_flag 1 --output_prefix /zfs/work/aphernand001/Metagenoil/mag-pipeline/work/53/078c6eb263c5f4fc10707c48b201cd/megahit_out/tmp/k39/39 --num_cpu_threads 2 -k 39 --kmer_from 29 --input_prefix /zfs/work/aphernand001/Metagenoil/mag-pipeline/work/53/078c6eb263c5f4fc10707c48b201cd/megahit_out/tmp/k39/39 --addi_contig /zfs/work/aphernand001/Metagenoil/mag-pipeline/work/53/078c6eb263c5f4fc10707c48b201cd/megahit_out/intermediate_contigs/k29.addi.fa --local_contig /zfs/work/aphernand001/Metagenoil/mag-pipeline/work/53/078c6eb263c5f4fc10707c48b201cd/megahit_out/intermediate_contigs/k29.local.fa --contig /zfs/work/aphernand001/Metagenoil/mag-pipeline/work/53/078c6eb263c5f4fc10707c48b201cd/megahit_out/intermediate_contigs/k29.contigs.fa --bubble /zfs/work/aphernand001/Metagenoil/mag-pipeline/work/53/078c6eb263c5f4fc10707c48b201cd/megahit_out/intermediate_contigs/k29.bubble_seq.fa
2026-09-17 14:51:13 - b'INFO  sorting/base_engine.cpp       :  148 - Preparing data...'
2026-09-17 14:51:13 - b'INFO  sorting/seq_to_sdbg.cpp       :  369 - Number edges: 46154'
2026-09-17 14:51:13 - b'INFO  sorting/seq_to_sdbg.cpp       :  413 - Bases to reserve: 3629208, number contigs: 16682, number multiplicity: 62836'
2026-09-17 14:51:13 - b'INFO  sorting/seq_to_sdbg.cpp       :  421 - Before reading, sizeof seq_package: 1040768, multiplicity vector: 62836'
2026-09-17 14:51:13 - b'INFO  sorting/seq_to_sdbg.cpp       :  428 - Read 46154 edges.'
2026-09-17 14:51:13 - b'INFO  sorting/seq_to_sdbg.cpp       :  429 - After reading, sizeof seq_package: 1040768/46154/1846160, multiplicity vector: 46154/62836'
2026-09-17 14:51:13 - b'INFO  sorting/seq_to_sdbg.cpp       :  458 - Read 7463 contigs from /zfs/work/aphernand001/Metagenoil/mag-pipeline/work/53/078c6eb263c5f4fc10707c48b201cd/megahit_out/intermediate_contigs/k29.contigs.fa.'
2026-09-17 14:51:13 - b'INFO  sorting/seq_to_sdbg.cpp       :  459 - After reading contigs, sizeof seq_package: 1948072/53617/5008387, multiplicity vector: 53617/62836'
2026-09-17 14:51:13 - b'INFO  sorting/seq_to_sdbg.cpp       :  470 - Read 5279 contigs from /zfs/work/aphernand001/Metagenoil/mag-pipeline/work/53/078c6eb263c5f4fc10707c48b201cd/megahit_out/intermediate_contigs/k29.bubble_seq.fa.'
2026-09-17 14:51:13 - b'INFO  sorting/seq_to_sdbg.cpp       :  471 - After reading contigs, sizeof seq_package: 1948072/58896/6189078, multiplicity vector: 58896/62836'
2026-09-17 14:51:13 - b'INFO  sorting/seq_to_sdbg.cpp       :  484 - Read 35 contigs from /zfs/work/aphernand001/Metagenoil/mag-pipeline/work/53/078c6eb263c5f4fc10707c48b201cd/megahit_out/intermediate_contigs/k29.addi.fa.'
2026-09-17 14:51:13 - b'INFO  sorting/seq_to_sdbg.cpp       :  485 - After reading contigs, sizeof seq_package: 1948072/58931/6301638, multiplicity vector: 58931/62836'
2026-09-17 14:51:13 - b'INFO  sorting/seq_to_sdbg.cpp       :  498 - Read 3182 contigs from /zfs/work/aphernand001/Metagenoil/mag-pipeline/work/53/078c6eb263c5f4fc10707c48b201cd/megahit_out/intermediate_contigs/k29.local.fa.'
2026-09-17 14:51:13 - b'INFO  sorting/seq_to_sdbg.cpp       :  499 - After reading contigs, sizeof seq_package: 3762680/62113/7706686, multiplicity vector: 62113/62836'
2026-09-17 14:51:13 - b'INFO  sorting/seq_to_sdbg.cpp       :  506 - Finally, sizeof seq_package: 3762680/62113/7706686, multiplicity vector: 62113/62836'
2026-09-17 14:51:14 - b'INFO  sorting/base_engine.cpp       :  153 - Preparing data... Done. Time elapsed: 0.0803'
2026-09-17 14:51:14 - b'INFO  sorting/base_engine.cpp       :  156 - Preparing partitions and calculating bucket sizes...'
2026-09-17 14:51:14 - b'INFO  sorting/base_engine.cpp       :   80 - Minimum memory required: 4311276 bytes'
2026-09-17 14:51:14 - b'INFO  sorting/base_engine.cpp       :  138 - Lv1 items: 1442268, Lv2 items: 1458'
2026-09-17 14:51:14 - b'INFO  sorting/base_engine.cpp       :  139 - Memory of derived class: 3948592, Memory for Lv1+Lv2: 5792400'
2026-09-17 14:51:14 - b'INFO  sorting/base_engine.cpp       :  165 - Preparing partitions and calculating bucket sizes... Done. Time elapsed: 0.1315'
2026-09-17 14:51:14 - b'INFO  sorting/base_engine.cpp       :  172 - Start main loop...'
2026-09-17 14:51:14 - b'INFO  sorting/base_engine.cpp       :  185 - Lv1 scanning from bucket 0 to 2889'
2026-09-17 14:51:14 - b'INFO  sorting/base_engine.cpp       :  192 - Lv1 scanning done. Large diff: 0. Time elapsed: 0.1483'
2026-09-17 14:51:14 - b'INFO  sorting/base_engine.cpp       :  198 - Lv1 fetching & sorting done. Time elapsed: 0.2598'
2026-09-17 14:51:14 - b'INFO  sorting/base_engine.cpp       :  185 - Lv1 scanning from bucket 2889 to 7271'
2026-09-17 14:51:14 - b'INFO  sorting/base_engine.cpp       :  192 - Lv1 scanning done. Large diff: 0. Time elapsed: 0.1641'
2026-09-17 14:51:14 - b'INFO  sorting/base_engine.cpp       :  198 - Lv1 fetching & sorting done. Time elapsed: 0.2621'
2026-09-17 14:51:14 - b'INFO  sorting/base_engine.cpp       :  185 - Lv1 scanning from bucket 7271 to 12833'
2026-09-17 14:51:15 - b'INFO  sorting/base_engine.cpp       :  192 - Lv1 scanning done. Large diff: 0. Time elapsed: 0.1723'
2026-09-17 14:51:15 - b'INFO  sorting/base_engine.cpp       :  198 - Lv1 fetching & sorting done. Time elapsed: 0.2677'
2026-09-17 14:51:15 - b'INFO  sorting/base_engine.cpp       :  185 - Lv1 scanning from bucket 12833 to 19627'
2026-09-17 14:51:15 - b'INFO  sorting/base_engine.cpp       :  192 - Lv1 scanning done. Large diff: 0. Time elapsed: 0.1664'
2026-09-17 14:51:15 - b'INFO  sorting/base_engine.cpp       :  198 - Lv1 fetching & sorting done. Time elapsed: 0.2635'
2026-09-17 14:51:15 - b'INFO  sorting/base_engine.cpp       :  185 - Lv1 scanning from bucket 19627 to 27910'
2026-09-17 14:51:16 - b'INFO  sorting/base_engine.cpp       :  192 - Lv1 scanning done. Large diff: 0. Time elapsed: 0.1674'
2026-09-17 14:51:16 - b'INFO  sorting/base_engine.cpp       :  198 - Lv1 fetching & sorting done. Time elapsed: 0.2763'
2026-09-17 14:51:16 - b'INFO  sorting/base_engine.cpp       :  185 - Lv1 scanning from bucket 27910 to 38245'
2026-09-17 14:51:16 - b'INFO  sorting/base_engine.cpp       :  192 - Lv1 scanning done. Large diff: 0. Time elapsed: 0.1695'
2026-09-17 14:51:16 - b'INFO  sorting/base_engine.cpp       :  198 - Lv1 fetching & sorting done. Time elapsed: 0.2629'
2026-09-17 14:51:16 - b'INFO  sorting/base_engine.cpp       :  185 - Lv1 scanning from bucket 38245 to 52488'
2026-09-17 14:51:16 - b'INFO  sorting/base_engine.cpp       :  192 - Lv1 scanning done. Large diff: 0. Time elapsed: 0.1690'
2026-09-17 14:51:17 - b'INFO  sorting/base_engine.cpp       :  198 - Lv1 fetching & sorting done. Time elapsed: 0.2846'
2026-09-17 14:51:17 - b'INFO  sorting/base_engine.cpp       :  185 - Lv1 scanning from bucket 52488 to 65536'
2026-09-17 14:51:17 - b'INFO  sorting/base_engine.cpp       :  192 - Lv1 scanning done. Large diff: 0. Time elapsed: 0.1234'
2026-09-17 14:51:17 - b'INFO  sorting/base_engine.cpp       :  198 - Lv1 fetching & sorting done. Time elapsed: 0.1396'
2026-09-17 14:51:17 - b'INFO  sorting/base_engine.cpp       :  204 - Main loop done. Time elapsed: 3.2984'
2026-09-17 14:51:17 - b'INFO  sorting/base_engine.cpp       :  207 - Postprocessing...'
2026-09-17 14:51:17 - b'INFO  sorting/seq_to_sdbg.cpp       :  793 - Number of $ A C G T A- C- G- T-:'
2026-09-17 14:51:17 - b'INFO  sorting/seq_to_sdbg.cpp       :  794 - 14424 1679720 1323211 1323818 1680351 1273 886 896 1300'
2026-09-17 14:51:17 - b'INFO  sorting/seq_to_sdbg.cpp       :  800 - Total number of edges: 6025879'
2026-09-17 14:51:17 - b'INFO  sorting/seq_to_sdbg.cpp       :  801 - Total number of ONEs: 6007100'
2026-09-17 14:51:17 - b'INFO  sorting/seq_to_sdbg.cpp       :  802 - Total number of $v edges: 14424'
2026-09-17 14:51:17 - b'INFO  sorting/base_engine.cpp       :  210 - Postprocess done. Time elapsed: 0.2060'
2026-09-17 14:51:17 - b'INFO  utils/utils.h                 :  152 - Real: 3.7245\tuser: 6.3542\tsys: 0.1237\tmaxrss: 34836'
2026-09-17 14:51:17 - Assemble contigs from SdBG for k = 39
2026-09-17 14:51:17 - command /zfs/softs/contrib/apps/anaconda/3/envs/megahit-1.2.9/bin/megahit_core assemble -s /zfs/work/aphernand001/Metagenoil/mag-pipeline/work/53/078c6eb263c5f4fc10707c48b201cd/megahit_out/tmp/k39/39 -o /zfs/work/aphernand001/Metagenoil/mag-pipeline/work/53/078c6eb263c5f4fc10707c48b201cd/megahit_out/intermediate_contigs/k39 -t 2 --min_standalone 300 --prune_level 2 --merge_len 20 --merge_similar 0.95 --cleaning_rounds 5 --disconnect_ratio 0.1 --low_local_ratio 0.2 --cleaning_rounds 5 --min_depth 2 --bubble_level 2 --max_tip_len -1 --careful_bubble
2026-09-17 14:51:18 - b'INFO  main_assemble.cpp             :  129 - Loading succinct de Bruijn graph: /zfs/work/aphernand001/Metagenoil/mag-pipeline/work/53/078c6eb263c5f4fc10707c48b201cd/megahit_out/tmp/k39/39Done. Time elapsed: 0.472179'
2026-09-17 14:51:18 - b'INFO  main_assemble.cpp             :  133 - Number of Edges: 6025879; K value: 39'
2026-09-17 14:51:18 - b'INFO  main_assemble.cpp             :  140 - Number of CPU threads: 2'
2026-09-17 14:51:19 - b'INFO  assembly/sdbg_pruning.cpp     :  160 - Removing tips with length less than 2; Accumulated tips removed: 30; time elapsed: 0.0572'
2026-09-17 14:51:19 - b'INFO  assembly/sdbg_pruning.cpp     :  160 - Removing tips with length less than 4; Accumulated tips removed: 88; time elapsed: 0.0759'
2026-09-17 14:51:19 - b'INFO  assembly/sdbg_pruning.cpp     :  160 - Removing tips with length less than 8; Accumulated tips removed: 164; time elapsed: 0.1237'
2026-09-17 14:51:19 - b'INFO  assembly/sdbg_pruning.cpp     :  160 - Removing tips with length less than 16; Accumulated tips removed: 292; time elapsed: 0.2125'
2026-09-17 14:51:20 - b'INFO  assembly/sdbg_pruning.cpp     :  160 - Removing tips with length less than 32; Accumulated tips removed: 786; time elapsed: 0.3699'
2026-09-17 14:51:20 - b'INFO  assembly/sdbg_pruning.cpp     :  160 - Removing tips with length less than 64; Accumulated tips removed: 3530; time elapsed: 0.6331'
2026-09-17 14:51:21 - b'INFO  assembly/sdbg_pruning.cpp     :  169 - Removing tips with length less than 78; Accumulated tips removed: 4828; time elapsed: 0.7079'
2026-09-17 14:51:21 - b'INFO  main_assemble.cpp             :  158 - Tips removal done! Time elapsed(sec): 3.312'
2026-09-17 14:51:25 - b'INFO  assembly/unitig_graph.cpp     :   83 - Graph size without loops: 10703, palindrome: 1'
2026-09-17 14:51:25 - b'INFO  main_assemble.cpp             :  166 - unitig graph size: 10718, time for building: 3.983'
2026-09-17 14:51:25 - b'INFO  assembly/contig_stat.h        :   40 - Max: 68299, Min: 40, N50: 729, number contigs: 10718, number isolated: 4478, number looped: 15, total size: 3310383,'
2026-09-17 14:51:25 - b'INFO  main_assemble.cpp             :  184 - Graph cleaning round 1'
2026-09-17 14:51:25 - b'INFO  main_assemble.cpp             :  200 - Number of bubbles removed: 1287, Time elapsed(sec): 0.304'
2026-09-17 14:51:25 - b'INFO  main_assemble.cpp             :  210 - Number of complex bubbles removed: 183, Time elapsed(sec): 0.111584'
2026-09-17 14:51:25 - b'INFO  main_assemble.cpp             :  221 - Number unitigs disconnected: 43, time: 0.006'
2026-09-17 14:51:25 - b'INFO  main_assemble.cpp             :  245 - Unitigs removed in excessive pruning: 3, time: 0.003'
2026-09-17 14:51:25 - b'INFO  main_assemble.cpp             :  184 - Graph cleaning round 2'
2026-09-17 14:51:25 - b'INFO  main_assemble.cpp             :  192 - Tips removed: 61, time: 0.023'
2026-09-17 14:51:25 - b'INFO  main_assemble.cpp             :  200 - Number of bubbles removed: 3, Time elapsed(sec): 0.007'
2026-09-17 14:51:25 - b'INFO  main_assemble.cpp             :  210 - Number of complex bubbles removed: 4, Time elapsed(sec): 0.010556'
2026-09-17 14:51:25 - b'INFO  main_assemble.cpp             :  221 - Number unitigs disconnected: 0, time: 0.006'
2026-09-17 14:51:25 - b'INFO  main_assemble.cpp             :  245 - Unitigs removed in excessive pruning: 0, time: 0.000'
2026-09-17 14:51:25 - b'INFO  main_assemble.cpp             :  184 - Graph cleaning round 3'
2026-09-17 14:51:25 - b'INFO  main_assemble.cpp             :  192 - Tips removed: 0, time: 0.020'
2026-09-17 14:51:25 - b'INFO  main_assemble.cpp             :  200 - Number of bubbles removed: 0, Time elapsed(sec): 0.005'
2026-09-17 14:51:25 - b'INFO  main_assemble.cpp             :  210 - Number of complex bubbles removed: 0, Time elapsed(sec): 0.007245'
2026-09-17 14:51:25 - b'INFO  main_assemble.cpp             :  221 - Number unitigs disconnected: 0, time: 0.005'
2026-09-17 14:51:25 - b'INFO  main_assemble.cpp             :  245 - Unitigs removed in excessive pruning: 0, time: 0.000'
2026-09-17 14:51:25 - b'INFO  assembly/contig_stat.h        :   40 - Max: 68726, Min: 40, N50: 2639, number contigs: 6180, number isolated: 5506, number looped: 10, total size: 3068053,'
2026-09-17 14:51:27 - b'INFO  main_assemble.cpp             :  267 - Time to output: 1.307512'
2026-09-17 14:51:27 - b'INFO  main_assemble.cpp             :  286 - Number of local low depth unitigs removed: 33, complex bubbles removed: 3, time: 0.020995'
2026-09-17 14:51:27 - b'INFO  assembly/contig_stat.h        :   40 - Max: 68747, Min: 40, N50: 2640, number contigs: 6075, number isolated: 5508, number looped: 10, total size: 3062543,'
2026-09-17 14:51:28 - b'INFO  utils/utils.h                 :  152 - Real: 10.9042\tuser: 20.6663\tsys: 0.0948\tmaxrss: 26144'
2026-09-17 14:51:28 - Local assembly for k = 39
2026-09-17 14:51:28 - command /zfs/softs/contrib/apps/anaconda/3/envs/megahit-1.2.9/bin/megahit_core local -c /zfs/work/aphernand001/Metagenoil/mag-pipeline/work/53/078c6eb263c5f4fc10707c48b201cd/megahit_out/intermediate_contigs/k39.contigs.fa -l /zfs/work/aphernand001/Metagenoil/mag-pipeline/work/53/078c6eb263c5f4fc10707c48b201cd/megahit_out/tmp/reads.lib -t 2 -o /zfs/work/aphernand001/Metagenoil/mag-pipeline/work/53/078c6eb263c5f4fc10707c48b201cd/megahit_out/intermediate_contigs/k39.local.fa --kmax 59
2026-09-17 14:51:28 - b'INFO  localasm/hash_mapper.cpp      :   99 - Number of contigs: 2680, index size: 312948'
2026-09-17 14:51:28 - b'INFO  localasm/local_assemble.cpp   :  315 - Hash mapper construction time elapsed: 0.204089'
2026-09-17 14:51:28 - b'INFO  sequence/io/sequence_lib.cpp  :  115 - Before reading, sizeof seq_package: 6219300'
2026-09-17 14:51:28 - b'INFO  sequence/io/sequence_lib.cpp  :  117 - After reading, sizeof seq_package: 6219300'
2026-09-17 14:51:28 - b'INFO  localasm/local_assemble.cpp   :  324 - Read lib time elapsed: 0.029158'
2026-09-17 14:51:29 - b'INFO  localasm/local_assemble.cpp   :  133 - Lib 0, insert size: 720.00 sd: 302.63'
2026-09-17 14:51:29 - b'INFO  localasm/local_assemble.cpp   :  133 - Lib 1, insert size: 521.00 sd: 203.63'
2026-09-17 14:51:29 - b'INFO  localasm/local_assemble.cpp   :  330 - Insert size estimation time elapsed: 0.783211'
2026-09-17 14:51:30 - b'INFO  localasm/local_assemble.cpp   :  218 - Lib 0: total 99592 reads, aligned 98767, added 8377 reads to local assembly'
2026-09-17 14:51:30 - b'INFO  localasm/local_assemble.cpp   :  218 - Lib 1: total 49974 reads, aligned 14493, added 13739 reads to local assembly'
2026-09-17 14:51:30 - b'INFO  localasm/local_assemble.cpp   :  338 - Mapping time elapsed: 0.753212'
2026-09-17 14:51:30 - b'INFO  localasm/local_assemble.cpp   :  232 - Minimum number of reads to do local assembly: 4'
2026-09-17 14:51:43 - b'INFO  localasm/local_assemble.cpp   :  346 - Local assembly time elapsed: 12.806185'
2026-09-17 14:51:43 - b'INFO  utils/utils.h                 :  152 - Real: 14.5815\tuser: 29.0133\tsys: 0.0599\tmaxrss: 24396'
2026-09-17 14:51:43 - Extract iterative edges from k = 39 to 59 
2026-09-17 14:51:43 - command /zfs/softs/contrib/apps/anaconda/3/envs/megahit-1.2.9/bin/megahit_core iterate -c /zfs/work/aphernand001/Metagenoil/mag-pipeline/work/53/078c6eb263c5f4fc10707c48b201cd/megahit_out/intermediate_contigs/k39.contigs.fa -b /zfs/work/aphernand001/Metagenoil/mag-pipeline/work/53/078c6eb263c5f4fc10707c48b201cd/megahit_out/intermediate_contigs/k39.bubble_seq.fa -t 2 -k 39 -s 20 -o /zfs/work/aphernand001/Metagenoil/mag-pipeline/work/53/078c6eb263c5f4fc10707c48b201cd/megahit_out/tmp/k59/59 -r /zfs/work/aphernand001/Metagenoil/mag-pipeline/work/53/078c6eb263c5f4fc10707c48b201cd/megahit_out/tmp/reads.lib.bin
2026-09-17 14:51:43 - b'INFO  main_iterate.cpp              :  190 - Selected kmer type size for k: 12'
2026-09-17 14:51:43 - b'INFO  main_iterate.cpp              :  174 - Read 674 contigs'
2026-09-17 14:51:43 - b'INFO  main_iterate.cpp              :  176 - Number of flank kmers: 1329'
2026-09-17 14:51:43 - b'INFO  main_iterate.cpp              :  174 - Read 1665 contigs'
2026-09-17 14:51:43 - b'INFO  main_iterate.cpp              :  176 - Number of flank kmers: 4250'
2026-09-17 14:51:43 - b'INFO  main_iterate.cpp              :  123 - Selected kmer type size for next k: 16'
2026-09-17 14:51:45 - b'INFO  main_iterate.cpp              :  138 - Processed: 149566, aligned: 2048. Iterative edges: 34058'
2026-09-17 14:51:45 - b'INFO  main_iterate.cpp              :  142 - Total: 149566, aligned: 2048. Iterative edges: 34058'
2026-09-17 14:51:45 - b'INFO  utils/utils.h                 :  152 - Real: 1.8488\tuser: 1.8231\tsys: 0.0249\tmaxrss: 13932'
2026-09-17 14:51:45 - Build graph for k = 59 
2026-09-17 14:51:45 - command /zfs/softs/contrib/apps/anaconda/3/envs/megahit-1.2.9/bin/megahit_core seq2sdbg --host_mem 6442450944 --mem_flag 1 --output_prefix /zfs/work/aphernand001/Metagenoil/mag-pipeline/work/53/078c6eb263c5f4fc10707c48b201cd/megahit_out/tmp/k59/59 --num_cpu_threads 2 -k 59 --kmer_from 39 --input_prefix /zfs/work/aphernand001/Metagenoil/mag-pipeline/work/53/078c6eb263c5f4fc10707c48b201cd/megahit_out/tmp/k59/59 --addi_contig /zfs/work/aphernand001/Metagenoil/mag-pipeline/work/53/078c6eb263c5f4fc10707c48b201cd/megahit_out/intermediate_contigs/k39.addi.fa --local_contig /zfs/work/aphernand001/Metagenoil/mag-pipeline/work/53/078c6eb263c5f4fc10707c48b201cd/megahit_out/intermediate_contigs/k39.local.fa --contig /zfs/work/aphernand001/Metagenoil/mag-pipeline/work/53/078c6eb263c5f4fc10707c48b201cd/megahit_out/intermediate_contigs/k39.contigs.fa --bubble /zfs/work/aphernand001/Metagenoil/mag-pipeline/work/53/078c6eb263c5f4fc10707c48b201cd/megahit_out/intermediate_contigs/k39.bubble_seq.fa
2026-09-17 14:51:45 - b'INFO  sorting/base_engine.cpp       :  148 - Preparing data...'
2026-09-17 14:51:45 - b'INFO  sorting/seq_to_sdbg.cpp       :  369 - Number edges: 34058'
2026-09-17 14:51:45 - b'INFO  sorting/seq_to_sdbg.cpp       :  413 - Bases to reserve: 3495209, number contigs: 10696, number multiplicity: 44754'
2026-09-17 14:51:45 - b'INFO  sorting/seq_to_sdbg.cpp       :  421 - Before reading, sizeof seq_package: 959380, multiplicity vector: 44754'
2026-09-17 14:51:45 - b'INFO  sorting/seq_to_sdbg.cpp       :  428 - Read 34058 edges.'
2026-09-17 14:51:45 - b'INFO  sorting/seq_to_sdbg.cpp       :  429 - After reading, sizeof seq_package: 959380/34058/2043480, multiplicity vector: 34058/44754'
2026-09-17 14:51:45 - b'INFO  sorting/seq_to_sdbg.cpp       :  458 - Read 6064 contigs from /zfs/work/aphernand001/Metagenoil/mag-pipeline/work/53/078c6eb263c5f4fc10707c48b201cd/megahit_out/intermediate_contigs/k39.contigs.fa.'
2026-09-17 14:51:45 - b'INFO  sorting/seq_to_sdbg.cpp       :  459 - After reading contigs, sizeof seq_package: 1833184/40122/5105978, multiplicity vector: 40122/44754'
2026-09-17 14:51:45 - b'INFO  sorting/seq_to_sdbg.cpp       :  470 - Read 1542 contigs from /zfs/work/aphernand001/Metagenoil/mag-pipeline/work/53/078c6eb263c5f4fc10707c48b201cd/megahit_out/intermediate_contigs/k39.bubble_seq.fa.'
2026-09-17 14:51:45 - b'INFO  sorting/seq_to_sdbg.cpp       :  471 - After reading contigs, sizeof seq_package: 1833184/41664/5878637, multiplicity vector: 41664/44754'
2026-09-17 14:51:45 - b'INFO  sorting/seq_to_sdbg.cpp       :  484 - Read 34 contigs from /zfs/work/aphernand001/Metagenoil/mag-pipeline/work/53/078c6eb263c5f4fc10707c48b201cd/megahit_out/intermediate_contigs/k39.addi.fa.'
2026-09-17 14:51:45 - b'INFO  sorting/seq_to_sdbg.cpp       :  485 - After reading contigs, sizeof seq_package: 1833184/41698/5987885, multiplicity vector: 41698/44754'
2026-09-17 14:51:45 - b'INFO  sorting/seq_to_sdbg.cpp       :  498 - Read 2815 contigs from /zfs/work/aphernand001/Metagenoil/mag-pipeline/work/53/078c6eb263c5f4fc10707c48b201cd/megahit_out/intermediate_contigs/k39.local.fa.'
2026-09-17 14:51:45 - b'INFO  sorting/seq_to_sdbg.cpp       :  499 - After reading contigs, sizeof seq_package: 3580792/44513/7218946, multiplicity vector: 44513/44754'
2026-09-17 14:51:45 - b'INFO  sorting/seq_to_sdbg.cpp       :  506 - Finally, sizeof seq_package: 3580792/44513/7218946, multiplicity vector: 44513/44754'
2026-09-17 14:51:45 - b'INFO  sorting/base_engine.cpp       :  153 - Preparing data... Done. Time elapsed: 0.0708'
2026-09-17 14:51:45 - b'INFO  sorting/base_engine.cpp       :  156 - Preparing partitions and calculating bucket sizes...'
2026-09-17 14:51:45 - b'INFO  sorting/base_engine.cpp       :   80 - Minimum memory required: 4044996 bytes'
2026-09-17 14:51:45 - b'INFO  sorting/base_engine.cpp       :  138 - Lv1 items: 1248454, Lv2 items: 1226'
2026-09-17 14:51:45 - b'INFO  sorting/base_engine.cpp       :  139 - Memory of derived class: 3726724, Memory for Lv1+Lv2: 5018336'
2026-09-17 14:51:45 - b'INFO  sorting/base_engine.cpp       :  165 - Preparing partitions and calculating bucket sizes... Done. Time elapsed: 0.1167'
2026-09-17 14:51:45 - b'INFO  sorting/base_engine.cpp       :  172 - Start main loop...'
2026-09-17 14:51:45 - b'INFO  sorting/base_engine.cpp       :  185 - Lv1 scanning from bucket 0 to 2957'
2026-09-17 14:51:45 - b'INFO  sorting/base_engine.cpp       :  192 - Lv1 scanning done. Large diff: 0. Time elapsed: 0.1307'
2026-09-17 14:51:45 - b'INFO  sorting/base_engine.cpp       :  198 - Lv1 fetching & sorting done. Time elapsed: 0.2362'
2026-09-17 14:51:45 - b'INFO  sorting/base_engine.cpp       :  185 - Lv1 scanning from bucket 2957 to 7376'
2026-09-17 14:51:45 - b'INFO  sorting/base_engine.cpp       :  192 - Lv1 scanning done. Large diff: 0. Time elapsed: 0.1416'
2026-09-17 14:51:45 - b'INFO  sorting/base_engine.cpp       :  198 - Lv1 fetching & sorting done. Time elapsed: 0.2389'
2026-09-17 14:51:45 - b'INFO  sorting/base_engine.cpp       :  185 - Lv1 scanning from bucket 7376 to 12956'
2026-09-17 14:51:46 - b'INFO  sorting/base_engine.cpp       :  192 - Lv1 scanning done. Large diff: 0. Time elapsed: 0.1434'
2026-09-17 14:51:46 - b'INFO  sorting/base_engine.cpp       :  198 - Lv1 fetching & sorting done. Time elapsed: 0.2351'
2026-09-17 14:51:46 - b'INFO  sorting/base_engine.cpp       :  185 - Lv1 scanning from bucket 12956 to 19751'
2026-09-17 14:51:46 - b'INFO  sorting/base_engine.cpp       :  192 - Lv1 scanning done. Large diff: 0. Time elapsed: 0.1446'
2026-09-17 14:51:46 - b'INFO  sorting/base_engine.cpp       :  198 - Lv1 fetching & sorting done. Time elapsed: 0.2359'
2026-09-17 14:51:46 - b'INFO  sorting/base_engine.cpp       :  185 - Lv1 scanning from bucket 19751 to 28010'
2026-09-17 14:51:46 - b'INFO  sorting/base_engine.cpp       :  192 - Lv1 scanning done. Large diff: 0. Time elapsed: 0.1451'
2026-09-17 14:51:47 - b'INFO  sorting/base_engine.cpp       :  198 - Lv1 fetching & sorting done. Time elapsed: 0.2433'
2026-09-17 14:51:47 - b'INFO  sorting/base_engine.cpp       :  185 - Lv1 scanning from bucket 28010 to 38309'
2026-09-17 14:51:47 - b'INFO  sorting/base_engine.cpp       :  192 - Lv1 scanning done. Large diff: 0. Time elapsed: 0.1463'
2026-09-17 14:51:47 - b'INFO  sorting/base_engine.cpp       :  198 - Lv1 fetching & sorting done. Time elapsed: 0.2416'
2026-09-17 14:51:47 - b'INFO  sorting/base_engine.cpp       :  185 - Lv1 scanning from bucket 38309 to 52505'
2026-09-17 14:51:47 - b'INFO  sorting/base_engine.cpp       :  192 - Lv1 scanning done. Large diff: 0. Time elapsed: 0.1473'
2026-09-17 14:51:47 - b'INFO  sorting/base_engine.cpp       :  198 - Lv1 fetching & sorting done. Time elapsed: 0.2475'
2026-09-17 14:51:47 - b'INFO  sorting/base_engine.cpp       :  185 - Lv1 scanning from bucket 52505 to 65536'
2026-09-17 14:51:48 - b'INFO  sorting/base_engine.cpp       :  192 - Lv1 scanning done. Large diff: 0. Time elapsed: 0.1052'
2026-09-17 14:51:48 - b'INFO  sorting/base_engine.cpp       :  198 - Lv1 fetching & sorting done. Time elapsed: 0.1219'
2026-09-17 14:51:48 - b'INFO  sorting/base_engine.cpp       :  204 - Main loop done. Time elapsed: 2.9063'
2026-09-17 14:51:48 - b'INFO  sorting/base_engine.cpp       :  207 - Postprocessing...'
2026-09-17 14:51:48 - b'INFO  sorting/seq_to_sdbg.cpp       :  793 - Number of $ A C G T A- C- G- T-:'
2026-09-17 14:51:48 - b'INFO  sorting/seq_to_sdbg.cpp       :  794 - 11971 1549993 1239563 1239929 1549951 462 398 380 473'
2026-09-17 14:51:48 - b'INFO  sorting/seq_to_sdbg.cpp       :  800 - Total number of edges: 5593120'
2026-09-17 14:51:48 - b'INFO  sorting/seq_to_sdbg.cpp       :  801 - Total number of ONEs: 5579436'
2026-09-17 14:51:48 - b'INFO  sorting/seq_to_sdbg.cpp       :  802 - Total number of $v edges: 11971'
2026-09-17 14:51:48 - b'INFO  sorting/base_engine.cpp       :  210 - Postprocess done. Time elapsed: 0.2430'
2026-09-17 14:51:48 - b'INFO  utils/utils.h                 :  152 - Real: 3.3443\tuser: 5.7505\tsys: 0.0969\tmaxrss: 33776'
2026-09-17 14:51:48 - Assemble contigs from SdBG for k = 59
2026-09-17 14:51:48 - command /zfs/softs/contrib/apps/anaconda/3/envs/megahit-1.2.9/bin/megahit_core assemble -s /zfs/work/aphernand001/Metagenoil/mag-pipeline/work/53/078c6eb263c5f4fc10707c48b201cd/megahit_out/tmp/k59/59 -o /zfs/work/aphernand001/Metagenoil/mag-pipeline/work/53/078c6eb263c5f4fc10707c48b201cd/megahit_out/intermediate_contigs/k59 -t 2 --min_standalone 300 --prune_level 2 --merge_len 20 --merge_similar 0.95 --cleaning_rounds 5 --disconnect_ratio 0.1 --low_local_ratio 0.2 --cleaning_rounds 5 --min_depth 2 --bubble_level 2 --max_tip_len -1 --careful_bubble
2026-09-17 14:51:48 - b'INFO  main_assemble.cpp             :  129 - Loading succinct de Bruijn graph: /zfs/work/aphernand001/Metagenoil/mag-pipeline/work/53/078c6eb263c5f4fc10707c48b201cd/megahit_out/tmp/k59/59Done. Time elapsed: 0.444368'
2026-09-17 14:51:48 - b'INFO  main_assemble.cpp             :  133 - Number of Edges: 5593120; K value: 59'
2026-09-17 14:51:48 - b'INFO  main_assemble.cpp             :  140 - Number of CPU threads: 2'
2026-09-17 14:51:49 - b'INFO  assembly/sdbg_pruning.cpp     :  160 - Removing tips with length less than 2; Accumulated tips removed: 32; time elapsed: 0.0513'
2026-09-17 14:51:50 - b'INFO  assembly/sdbg_pruning.cpp     :  160 - Removing tips with length less than 4; Accumulated tips removed: 80; time elapsed: 0.0646'
2026-09-17 14:51:50 - b'INFO  assembly/sdbg_pruning.cpp     :  160 - Removing tips with length less than 8; Accumulated tips removed: 140; time elapsed: 0.1039'
2026-09-17 14:51:50 - b'INFO  assembly/sdbg_pruning.cpp     :  160 - Removing tips with length less than 16; Accumulated tips removed: 260; time elapsed: 0.1724'
2026-09-17 14:51:50 - b'INFO  assembly/sdbg_pruning.cpp     :  160 - Removing tips with length less than 32; Accumulated tips removed: 478; time elapsed: 0.3220'
2026-09-17 14:51:51 - b'INFO  assembly/sdbg_pruning.cpp     :  160 - Removing tips with length less than 64; Accumulated tips removed: 1816; time elapsed: 0.5747'
2026-09-17 14:51:51 - b'INFO  assembly/sdbg_pruning.cpp     :  169 - Removing tips with length less than 118; Accumulated tips removed: 7112; time elapsed: 0.7178'
2026-09-17 14:51:51 - b'INFO  main_assemble.cpp             :  158 - Tips removal done! Time elapsed(sec): 3.054'
2026-09-17 14:51:55 - b'INFO  assembly/unitig_graph.cpp     :   83 - Graph size without loops: 4443, palindrome: 0'
2026-09-17 14:51:55 - b'INFO  main_assemble.cpp             :  166 - unitig graph size: 4456, time for building: 3.354'
2026-09-17 14:51:55 - b'INFO  assembly/contig_stat.h        :   40 - Max: 68299, Min: 60, N50: 3522, number contigs: 4456, number isolated: 2492, number looped: 13, total size: 2780077,'
2026-09-17 14:51:55 - b'INFO  main_assemble.cpp             :  184 - Graph cleaning round 1'
2026-09-17 14:51:55 - b'INFO  main_assemble.cpp             :  200 - Number of bubbles removed: 359, Time elapsed(sec): 0.205'
2026-09-17 14:51:55 - b'INFO  main_assemble.cpp             :  210 - Number of complex bubbles removed: 85, Time elapsed(sec): 0.104586'
2026-09-17 14:51:55 - b'INFO  main_assemble.cpp             :  221 - Number unitigs disconnected: 12, time: 0.003'
2026-09-17 14:51:55 - b'INFO  main_assemble.cpp             :  245 - Unitigs removed in excessive pruning: 2, time: 0.002'
2026-09-17 14:51:55 - b'INFO  main_assemble.cpp             :  184 - Graph cleaning round 2'
2026-09-17 14:51:55 - b'INFO  main_assemble.cpp             :  192 - Tips removed: 12, time: 0.009'
2026-09-17 14:51:55 - b'INFO  main_assemble.cpp             :  200 - Number of bubbles removed: 0, Time elapsed(sec): 0.003'
2026-09-17 14:51:55 - b'INFO  main_assemble.cpp             :  210 - Number of complex bubbles removed: 0, Time elapsed(sec): 0.004293'
2026-09-17 14:51:55 - b'INFO  main_assemble.cpp             :  221 - Number unitigs disconnected: 0, time: 0.003'
2026-09-17 14:51:55 - b'INFO  main_assemble.cpp             :  245 - Unitigs removed in excessive pruning: 0, time: 0.000'
2026-09-17 14:51:55 - b'INFO  main_assemble.cpp             :  184 - Graph cleaning round 3'
2026-09-17 14:51:55 - b'INFO  main_assemble.cpp             :  192 - Tips removed: 0, time: 0.009'
2026-09-17 14:51:55 - b'INFO  main_assemble.cpp             :  200 - Number of bubbles removed: 0, Time elapsed(sec): 0.003'
2026-09-17 14:51:55 - b'INFO  main_assemble.cpp             :  210 - Number of complex bubbles removed: 0, Time elapsed(sec): 0.004390'
2026-09-17 14:51:55 - b'INFO  main_assemble.cpp             :  221 - Number unitigs disconnected: 0, time: 0.002'
2026-09-17 14:51:55 - b'INFO  main_assemble.cpp             :  245 - Unitigs removed in excessive pruning: 0, time: 0.000'
2026-09-17 14:51:55 - b'INFO  assembly/contig_stat.h        :   40 - Max: 68746, Min: 60, N50: 4747, number contigs: 3096, number isolated: 2742, number looped: 12, total size: 2670515,'
2026-09-17 14:51:56 - b'INFO  main_assemble.cpp             :  267 - Time to output: 1.013354'
2026-09-17 14:51:56 - b'INFO  main_assemble.cpp             :  286 - Number of local low depth unitigs removed: 19, complex bubbles removed: 1, time: 0.006847'
2026-09-17 14:51:56 - b'INFO  assembly/contig_stat.h        :   40 - Max: 68746, Min: 60, N50: 4804, number contigs: 3041, number isolated: 2746, number looped: 12, total size: 2666300,'
2026-09-17 14:51:57 - b'INFO  utils/utils.h                 :  152 - Real: 9.2484\tuser: 17.9292\tsys: 0.0679\tmaxrss: 25068'
2026-09-17 14:51:57 - Local assembly for k = 59
2026-09-17 14:51:57 - command /zfs/softs/contrib/apps/anaconda/3/envs/megahit-1.2.9/bin/megahit_core local -c /zfs/work/aphernand001/Metagenoil/mag-pipeline/work/53/078c6eb263c5f4fc10707c48b201cd/megahit_out/intermediate_contigs/k59.contigs.fa -l /zfs/work/aphernand001/Metagenoil/mag-pipeline/work/53/078c6eb263c5f4fc10707c48b201cd/megahit_out/tmp/reads.lib -t 2 -o /zfs/work/aphernand001/Metagenoil/mag-pipeline/work/53/078c6eb263c5f4fc10707c48b201cd/megahit_out/intermediate_contigs/k59.local.fa --kmax 79
2026-09-17 14:51:57 - b'INFO  localasm/hash_mapper.cpp      :   99 - Number of contigs: 2663, index size: 316262'
2026-09-17 14:51:57 - b'INFO  localasm/local_assemble.cpp   :  315 - Hash mapper construction time elapsed: 0.187460'
2026-09-17 14:51:57 - b'INFO  sequence/io/sequence_lib.cpp  :  115 - Before reading, sizeof seq_package: 6219300'
2026-09-17 14:51:57 - b'INFO  sequence/io/sequence_lib.cpp  :  117 - After reading, sizeof seq_package: 6219300'
2026-09-17 14:51:57 - b'INFO  localasm/local_assemble.cpp   :  324 - Read lib time elapsed: 0.029101'
2026-09-17 14:51:58 - b'INFO  localasm/local_assemble.cpp   :  133 - Lib 0, insert size: 722.00 sd: 302.61'
2026-09-17 14:51:58 - b'INFO  localasm/local_assemble.cpp   :  133 - Lib 1, insert size: 527.00 sd: 206.41'
2026-09-17 14:51:58 - b'INFO  localasm/local_assemble.cpp   :  330 - Insert size estimation time elapsed: 0.806975'
2026-09-17 14:51:59 - b'INFO  localasm/local_assemble.cpp   :  218 - Lib 0: total 99592 reads, aligned 98998, added 7056 reads to local assembly'
2026-09-17 14:51:59 - b'INFO  localasm/local_assemble.cpp   :  218 - Lib 1: total 49974 reads, aligned 14744, added 13516 reads to local assembly'
2026-09-17 14:51:59 - b'INFO  localasm/local_assemble.cpp   :  338 - Mapping time elapsed: 0.807410'
2026-09-17 14:51:59 - b'INFO  localasm/local_assemble.cpp   :  232 - Minimum number of reads to do local assembly: 4'
2026-09-17 14:52:14 - b'INFO  localasm/local_assemble.cpp   :  346 - Local assembly time elapsed: 14.884041'
2026-09-17 14:52:14 - b'INFO  utils/utils.h                 :  152 - Real: 16.7222\tuser: 33.2683\tsys: 0.0758\tmaxrss: 24028'
2026-09-17 14:52:14 - Extract iterative edges from k = 59 to 79 
2026-09-17 14:52:14 - command /zfs/softs/contrib/apps/anaconda/3/envs/megahit-1.2.9/bin/megahit_core iterate -c /zfs/work/aphernand001/Metagenoil/mag-pipeline/work/53/078c6eb263c5f4fc10707c48b201cd/megahit_out/intermediate_contigs/k59.contigs.fa -b /zfs/work/aphernand001/Metagenoil/mag-pipeline/work/53/078c6eb263c5f4fc10707c48b201cd/megahit_out/intermediate_contigs/k59.bubble_seq.fa -t 2 -k 59 -s 20 -o /zfs/work/aphernand001/Metagenoil/mag-pipeline/work/53/078c6eb263c5f4fc10707c48b201cd/megahit_out/tmp/k79/79 -r /zfs/work/aphernand001/Metagenoil/mag-pipeline/work/53/078c6eb263c5f4fc10707c48b201cd/megahit_out/tmp/reads.lib.bin
2026-09-17 14:52:14 - b'INFO  main_iterate.cpp              :  190 - Selected kmer type size for k: 16'
2026-09-17 14:52:14 - b'INFO  main_iterate.cpp              :  174 - Read 354 contigs'
2026-09-17 14:52:14 - b'INFO  main_iterate.cpp              :  176 - Number of flank kmers: 700'
2026-09-17 14:52:14 - b'INFO  main_iterate.cpp              :  174 - Read 852 contigs'
2026-09-17 14:52:14 - b'INFO  main_iterate.cpp              :  176 - Number of flank kmers: 2186'
2026-09-17 14:52:14 - b'INFO  main_iterate.cpp              :  123 - Selected kmer type size for next k: 20'
2026-09-17 14:52:15 - b'INFO  main_iterate.cpp              :  138 - Processed: 149566, aligned: 971. Iterative edges: 10195'
2026-09-17 14:52:15 - b'INFO  main_iterate.cpp              :  142 - Total: 149566, aligned: 971. Iterative edges: 10195'
2026-09-17 14:52:15 - b'INFO  utils/utils.h                 :  152 - Real: 1.2514\tuser: 1.2324\tsys: 0.0210\tmaxrss: 14664'
2026-09-17 14:52:15 - Build graph for k = 79 
2026-09-17 14:52:15 - command /zfs/softs/contrib/apps/anaconda/3/envs/megahit-1.2.9/bin/megahit_core seq2sdbg --host_mem 6442450944 --mem_flag 1 --output_prefix /zfs/work/aphernand001/Metagenoil/mag-pipeline/work/53/078c6eb263c5f4fc10707c48b201cd/megahit_out/tmp/k79/79 --num_cpu_threads 2 -k 79 --kmer_from 59 --input_prefix /zfs/work/aphernand001/Metagenoil/mag-pipeline/work/53/078c6eb263c5f4fc10707c48b201cd/megahit_out/tmp/k79/79 --addi_contig /zfs/work/aphernand001/Metagenoil/mag-pipeline/work/53/078c6eb263c5f4fc10707c48b201cd/megahit_out/intermediate_contigs/k59.addi.fa --local_contig /zfs/work/aphernand001/Metagenoil/mag-pipeline/work/53/078c6eb263c5f4fc10707c48b201cd/megahit_out/intermediate_contigs/k59.local.fa --contig /zfs/work/aphernand001/Metagenoil/mag-pipeline/work/53/078c6eb263c5f4fc10707c48b201cd/megahit_out/intermediate_contigs/k59.contigs.fa --bubble /zfs/work/aphernand001/Metagenoil/mag-pipeline/work/53/078c6eb263c5f4fc10707c48b201cd/megahit_out/intermediate_contigs/k59.bubble_seq.fa
2026-09-17 14:52:15 - b'INFO  sorting/base_engine.cpp       :  148 - Preparing data...'
2026-09-17 14:52:15 - b'INFO  sorting/seq_to_sdbg.cpp       :  369 - Number edges: 10195'
2026-09-17 14:52:15 - b'INFO  sorting/seq_to_sdbg.cpp       :  413 - Bases to reserve: 1956439, number contigs: 6205, number multiplicity: 16400'
2026-09-17 14:52:15 - b'INFO  sorting/seq_to_sdbg.cpp       :  421 - Before reading, sizeof seq_package: 538760, multiplicity vector: 16400'
2026-09-17 14:52:15 - b'INFO  sorting/seq_to_sdbg.cpp       :  428 - Read 10195 edges.'
2026-09-17 14:52:15 - b'INFO  sorting/seq_to_sdbg.cpp       :  429 - After reading, sizeof seq_package: 538760/10195/815600, multiplicity vector: 10195/16400'
2026-09-17 14:52:15 - b'INFO  sorting/seq_to_sdbg.cpp       :  458 - Read 3045 contigs from /zfs/work/aphernand001/Metagenoil/mag-pipeline/work/53/078c6eb263c5f4fc10707c48b201cd/megahit_out/intermediate_contigs/k59.contigs.fa.'
2026-09-17 14:52:15 - b'INFO  sorting/seq_to_sdbg.cpp       :  459 - After reading contigs, sizeof seq_package: 1027872/13240/3482891, multiplicity vector: 13240/16400'
2026-09-17 14:52:15 - b'INFO  sorting/seq_to_sdbg.cpp       :  470 - Read 805 contigs from /zfs/work/aphernand001/Metagenoil/mag-pipeline/work/53/078c6eb263c5f4fc10707c48b201cd/megahit_out/intermediate_contigs/k59.bubble_seq.fa.'
2026-09-17 14:52:15 - b'INFO  sorting/seq_to_sdbg.cpp       :  471 - After reading contigs, sizeof seq_package: 2006096/14045/4083910, multiplicity vector: 14045/16400'
2026-09-17 14:52:15 - b'INFO  sorting/seq_to_sdbg.cpp       :  484 - Read 24 contigs from /zfs/work/aphernand001/Metagenoil/mag-pipeline/work/53/078c6eb263c5f4fc10707c48b201cd/megahit_out/intermediate_contigs/k59.addi.fa.'
2026-09-17 14:52:15 - b'INFO  sorting/seq_to_sdbg.cpp       :  485 - After reading contigs, sizeof seq_package: 2006096/14069/4113927, multiplicity vector: 14069/16400'
2026-09-17 14:52:15 - b'INFO  sorting/seq_to_sdbg.cpp       :  498 - Read 2233 contigs from /zfs/work/aphernand001/Metagenoil/mag-pipeline/work/53/078c6eb263c5f4fc10707c48b201cd/megahit_out/intermediate_contigs/k59.local.fa.'
2026-09-17 14:52:15 - b'INFO  sorting/seq_to_sdbg.cpp       :  499 - After reading contigs, sizeof seq_package: 2006096/16302/5143550, multiplicity vector: 16302/16400'
2026-09-17 14:52:15 - b'INFO  sorting/seq_to_sdbg.cpp       :  506 - Finally, sizeof seq_package: 2006096/16302/5143550, multiplicity vector: 16302/16400'
2026-09-17 14:52:15 - b'INFO  sorting/base_engine.cpp       :  153 - Preparing data... Done. Time elapsed: 0.0586'
2026-09-17 14:52:15 - b'INFO  sorting/base_engine.cpp       :  156 - Preparing partitions and calculating bucket sizes...'
2026-09-17 14:52:15 - b'INFO  sorting/base_engine.cpp       :   80 - Minimum memory required: 2345200 bytes'
2026-09-17 14:52:15 - b'INFO  sorting/base_engine.cpp       :  138 - Lv1 items: 1036878, Lv2 items: 922'
2026-09-17 14:52:15 - b'INFO  sorting/base_engine.cpp       :  139 - Memory of derived class: 2079104, Memory for Lv1+Lv2: 4169640'
2026-09-17 14:52:15 - b'INFO  sorting/base_engine.cpp       :  165 - Preparing partitions and calculating bucket sizes... Done. Time elapsed: 0.1007'
2026-09-17 14:52:15 - b'INFO  sorting/base_engine.cpp       :  172 - Start main loop...'
2026-09-17 14:52:15 - b'INFO  sorting/base_engine.cpp       :  185 - Lv1 scanning from bucket 0 to 3013'
2026-09-17 14:52:15 - b'INFO  sorting/base_engine.cpp       :  192 - Lv1 scanning done. Large diff: 0. Time elapsed: 0.1086'
2026-09-17 14:52:16 - b'INFO  sorting/base_engine.cpp       :  198 - Lv1 fetching & sorting done. Time elapsed: 0.1859'
2026-09-17 14:52:16 - b'INFO  sorting/base_engine.cpp       :  185 - Lv1 scanning from bucket 3013 to 7468'
2026-09-17 14:52:16 - b'INFO  sorting/base_engine.cpp       :  192 - Lv1 scanning done. Large diff: 0. Time elapsed: 0.1180'
2026-09-17 14:52:16 - b'INFO  sorting/base_engine.cpp       :  198 - Lv1 fetching & sorting done. Time elapsed: 0.1927'
2026-09-17 14:52:16 - b'INFO  sorting/base_engine.cpp       :  185 - Lv1 scanning from bucket 7468 to 13063'
2026-09-17 14:52:16 - b'INFO  sorting/base_engine.cpp       :  192 - Lv1 scanning done. Large diff: 0. Time elapsed: 0.1200'
2026-09-17 14:52:16 - b'INFO  sorting/base_engine.cpp       :  198 - Lv1 fetching & sorting done. Time elapsed: 0.1909'
2026-09-17 14:52:16 - b'INFO  sorting/base_engine.cpp       :  185 - Lv1 scanning from bucket 13063 to 19856'
2026-09-17 14:52:16 - b'INFO  sorting/base_engine.cpp       :  192 - Lv1 scanning done. Large diff: 0. Time elapsed: 0.1228'
2026-09-17 14:52:17 - b'INFO  sorting/base_engine.cpp       :  198 - Lv1 fetching & sorting done. Time elapsed: 0.1975'
2026-09-17 14:52:17 - b'INFO  sorting/base_engine.cpp       :  185 - Lv1 scanning from bucket 19856 to 28097'
2026-09-17 14:52:17 - b'INFO  sorting/base_engine.cpp       :  192 - Lv1 scanning done. Large diff: 0. Time elapsed: 0.1209'
2026-09-17 14:52:17 - b'INFO  sorting/base_engine.cpp       :  198 - Lv1 fetching & sorting done. Time elapsed: 0.1923'
2026-09-17 14:52:17 - b'INFO  sorting/base_engine.cpp       :  185 - Lv1 scanning from bucket 28097 to 38365'
2026-09-17 14:52:17 - b'INFO  sorting/base_engine.cpp       :  192 - Lv1 scanning done. Large diff: 0. Time elapsed: 0.1222'
2026-09-17 14:52:17 - b'INFO  sorting/base_engine.cpp       :  198 - Lv1 fetching & sorting done. Time elapsed: 0.1996'
2026-09-17 14:52:17 - b'INFO  sorting/base_engine.cpp       :  185 - Lv1 scanning from bucket 38365 to 52502'
2026-09-17 14:52:17 - b'INFO  sorting/base_engine.cpp       :  192 - Lv1 scanning done. Large diff: 0. Time elapsed: 0.1229'
2026-09-17 14:52:18 - b'INFO  sorting/base_engine.cpp       :  198 - Lv1 fetching & sorting done. Time elapsed: 0.2096'
2026-09-17 14:52:18 - b'INFO  sorting/base_engine.cpp       :  185 - Lv1 scanning from bucket 52502 to 65536'
2026-09-17 14:52:18 - b'INFO  sorting/base_engine.cpp       :  192 - Lv1 scanning done. Large diff: 0. Time elapsed: 0.0887'
2026-09-17 14:52:18 - b'INFO  sorting/base_engine.cpp       :  198 - Lv1 fetching & sorting done. Time elapsed: 0.1019'
2026-09-17 14:52:18 - b'INFO  sorting/base_engine.cpp       :  204 - Main loop done. Time elapsed: 2.3964'
2026-09-17 14:52:18 - b'INFO  sorting/base_engine.cpp       :  207 - Postprocessing...'
2026-09-17 14:52:18 - b'INFO  sorting/seq_to_sdbg.cpp       :  793 - Number of $ A C G T A- C- G- T-:'
2026-09-17 14:52:18 - b'INFO  sorting/seq_to_sdbg.cpp       :  794 - 6118 1365264 1119093 1119085 1364926 286 239 235 238'
2026-09-17 14:52:18 - b'INFO  sorting/seq_to_sdbg.cpp       :  800 - Total number of edges: 4975484'
2026-09-17 14:52:18 - b'INFO  sorting/seq_to_sdbg.cpp       :  801 - Total number of ONEs: 4968368'
2026-09-17 14:52:18 - b'INFO  sorting/seq_to_sdbg.cpp       :  802 - Total number of $v edges: 6118'
2026-09-17 14:52:18 - b'INFO  sorting/base_engine.cpp       :  210 - Postprocess done. Time elapsed: 0.2272'
2026-09-17 14:52:18 - b'INFO  utils/utils.h                 :  152 - Real: 2.7905\tuser: 4.8684\tsys: 0.0987\tmaxrss: 31288'
2026-09-17 14:52:18 - Assemble contigs from SdBG for k = 79
2026-09-17 14:52:18 - command /zfs/softs/contrib/apps/anaconda/3/envs/megahit-1.2.9/bin/megahit_core assemble -s /zfs/work/aphernand001/Metagenoil/mag-pipeline/work/53/078c6eb263c5f4fc10707c48b201cd/megahit_out/tmp/k79/79 -o /zfs/work/aphernand001/Metagenoil/mag-pipeline/work/53/078c6eb263c5f4fc10707c48b201cd/megahit_out/intermediate_contigs/k79 -t 2 --min_standalone 300 --prune_level 2 --merge_len 20 --merge_similar 0.95 --cleaning_rounds 5 --disconnect_ratio 0.1 --low_local_ratio 0.2 --cleaning_rounds 5 --min_depth 2 --bubble_level 2 --max_tip_len -1 --careful_bubble
2026-09-17 14:52:18 - b'INFO  main_assemble.cpp             :  129 - Loading succinct de Bruijn graph: /zfs/work/aphernand001/Metagenoil/mag-pipeline/work/53/078c6eb263c5f4fc10707c48b201cd/megahit_out/tmp/k79/79Done. Time elapsed: 0.425111'
2026-09-17 14:52:18 - b'INFO  main_assemble.cpp             :  133 - Number of Edges: 4975484; K value: 79'
2026-09-17 14:52:18 - b'INFO  main_assemble.cpp             :  140 - Number of CPU threads: 2'
2026-09-17 14:52:19 - b'INFO  assembly/sdbg_pruning.cpp     :  160 - Removing tips with length less than 2; Accumulated tips removed: 18; time elapsed: 0.0358'
2026-09-17 14:52:19 - b'INFO  assembly/sdbg_pruning.cpp     :  160 - Removing tips with length less than 4; Accumulated tips removed: 56; time elapsed: 0.0464'
2026-09-17 14:52:20 - b'INFO  assembly/sdbg_pruning.cpp     :  160 - Removing tips with length less than 8; Accumulated tips removed: 96; time elapsed: 0.0640'
2026-09-17 14:52:20 - b'INFO  assembly/sdbg_pruning.cpp     :  160 - Removing tips with length less than 16; Accumulated tips removed: 194; time elapsed: 0.1052'
2026-09-17 14:52:20 - b'INFO  assembly/sdbg_pruning.cpp     :  160 - Removing tips with length less than 32; Accumulated tips removed: 314; time elapsed: 0.1753'
2026-09-17 14:52:20 - b'INFO  assembly/sdbg_pruning.cpp     :  160 - Removing tips with length less than 64; Accumulated tips removed: 658; time elapsed: 0.3106'
2026-09-17 14:52:21 - b'INFO  assembly/sdbg_pruning.cpp     :  160 - Removing tips with length less than 128; Accumulated tips removed: 1572; time elapsed: 0.5511'
2026-09-17 14:52:21 - b'INFO  assembly/sdbg_pruning.cpp     :  169 - Removing tips with length less than 158; Accumulated tips removed: 2226; time elapsed: 0.5972'
2026-09-17 14:52:21 - b'INFO  main_assemble.cpp             :  158 - Tips removal done! Time elapsed(sec): 2.822'
2026-09-17 14:52:24 - b'INFO  assembly/unitig_graph.cpp     :   83 - Graph size without loops: 3075, palindrome: 0'
2026-09-17 14:52:24 - b'INFO  main_assemble.cpp             :  166 - unitig graph size: 3087, time for building: 3.100'
2026-09-17 14:52:24 - b'INFO  assembly/contig_stat.h        :   40 - Max: 68299, Min: 80, N50: 4658, number contigs: 3087, number isolated: 1983, number looped: 12, total size: 2622149,'
2026-09-17 14:52:24 - b'INFO  main_assemble.cpp             :  184 - Graph cleaning round 1'
2026-09-17 14:52:24 - b'INFO  main_assemble.cpp             :  200 - Number of bubbles removed: 187, Time elapsed(sec): 0.108'
2026-09-17 14:52:25 - b'INFO  main_assemble.cpp             :  210 - Number of complex bubbles removed: 53, Time elapsed(sec): 0.061199'
2026-09-17 14:52:25 - b'INFO  main_assemble.cpp             :  221 - Number unitigs disconnected: 5, time: 0.002'
2026-09-17 14:52:25 - b'INFO  main_assemble.cpp             :  245 - Unitigs removed in excessive pruning: 1, time: 0.001'
2026-09-17 14:52:25 - b'INFO  main_assemble.cpp             :  184 - Graph cleaning round 2'
2026-09-17 14:52:25 - b'INFO  main_assemble.cpp             :  192 - Tips removed: 9, time: 0.007'
2026-09-17 14:52:25 - b'INFO  main_assemble.cpp             :  200 - Number of bubbles removed: 0, Time elapsed(sec): 0.002'
2026-09-17 14:52:25 - b'INFO  main_assemble.cpp             :  210 - Number of complex bubbles removed: 0, Time elapsed(sec): 0.002247'
2026-09-17 14:52:25 - b'INFO  main_assemble.cpp             :  221 - Number unitigs disconnected: 0, time: 0.002'
2026-09-17 14:52:25 - b'INFO  main_assemble.cpp             :  245 - Unitigs removed in excessive pruning: 0, time: 0.000'
2026-09-17 14:52:25 - b'INFO  main_assemble.cpp             :  184 - Graph cleaning round 3'
2026-09-17 14:52:25 - b'INFO  main_assemble.cpp             :  192 - Tips removed: 0, time: 0.007'
2026-09-17 14:52:25 - b'INFO  main_assemble.cpp             :  200 - Number of bubbles removed: 0, Time elapsed(sec): 0.002'
2026-09-17 14:52:25 - b'INFO  main_assemble.cpp             :  210 - Number of complex bubbles removed: 0, Time elapsed(sec): 0.002250'
2026-09-17 14:52:25 - b'INFO  main_assemble.cpp             :  221 - Number unitigs disconnected: 0, time: 0.002'
2026-09-17 14:52:25 - b'INFO  main_assemble.cpp             :  245 - Unitigs removed in excessive pruning: 0, time: 0.000'
2026-09-17 14:52:25 - b'INFO  assembly/contig_stat.h        :   40 - Max: 79294, Min: 80, N50: 5744, number contigs: 2350, number isolated: 2127, number looped: 3, total size: 2541941,'
2026-09-17 14:52:26 - b'INFO  main_assemble.cpp             :  267 - Time to output: 0.932096'
2026-09-17 14:52:26 - b'INFO  main_assemble.cpp             :  286 - Number of local low depth unitigs removed: 9, complex bubbles removed: 1, time: 0.005087'
2026-09-17 14:52:26 - b'INFO  assembly/contig_stat.h        :   40 - Max: 79374, Min: 80, N50: 5945, number contigs: 2324, number isolated: 2130, number looped: 3, total size: 2539245,'
2026-09-17 14:52:27 - b'INFO  utils/utils.h                 :  152 - Real: 8.4848\tuser: 16.3093\tsys: 0.0898\tmaxrss: 23628'
2026-09-17 14:52:27 - Local assembly for k = 79
2026-09-17 14:52:27 - command /zfs/softs/contrib/apps/anaconda/3/envs/megahit-1.2.9/bin/megahit_core local -c /zfs/work/aphernand001/Metagenoil/mag-pipeline/work/53/078c6eb263c5f4fc10707c48b201cd/megahit_out/intermediate_contigs/k79.contigs.fa -l /zfs/work/aphernand001/Metagenoil/mag-pipeline/work/53/078c6eb263c5f4fc10707c48b201cd/megahit_out/tmp/reads.lib -t 2 -o /zfs/work/aphernand001/Metagenoil/mag-pipeline/work/53/078c6eb263c5f4fc10707c48b201cd/megahit_out/intermediate_contigs/k79.local.fa --kmax 99
2026-09-17 14:52:27 - b'INFO  localasm/hash_mapper.cpp      :   99 - Number of contigs: 2266, index size: 308406'
2026-09-17 14:52:27 - b'INFO  localasm/local_assemble.cpp   :  315 - Hash mapper construction time elapsed: 0.202643'
2026-09-17 14:52:27 - b'INFO  sequence/io/sequence_lib.cpp  :  115 - Before reading, sizeof seq_package: 6219300'
2026-09-17 14:52:27 - b'INFO  sequence/io/sequence_lib.cpp  :  117 - After reading, sizeof seq_package: 6219300'
2026-09-17 14:52:27 - b'INFO  localasm/local_assemble.cpp   :  324 - Read lib time elapsed: 0.029067'
2026-09-17 14:52:27 - b'INFO  localasm/local_assemble.cpp   :  133 - Lib 0, insert size: 722.00 sd: 302.63'
2026-09-17 14:52:28 - b'INFO  localasm/local_assemble.cpp   :  133 - Lib 1, insert size: 535.00 sd: 211.61'
2026-09-17 14:52:28 - b'INFO  localasm/local_assemble.cpp   :  330 - Insert size estimation time elapsed: 0.813440'
2026-09-17 14:52:28 - b'INFO  localasm/local_assemble.cpp   :  218 - Lib 0: total 99592 reads, aligned 99134, added 6560 reads to local assembly'
2026-09-17 14:52:28 - b'INFO  localasm/local_assemble.cpp   :  218 - Lib 1: total 49974 reads, aligned 13501, added 11506 reads to local assembly'
2026-09-17 14:52:28 - b'INFO  localasm/local_assemble.cpp   :  338 - Mapping time elapsed: 0.776447'
2026-09-17 14:52:28 - b'INFO  localasm/local_assemble.cpp   :  232 - Minimum number of reads to do local assembly: 4'
2026-09-17 14:52:45 - b'INFO  localasm/local_assemble.cpp   :  346 - Local assembly time elapsed: 16.431090'
2026-09-17 14:52:45 - b'INFO  utils/utils.h                 :  152 - Real: 18.2587\tuser: 36.3479\tsys: 0.0608\tmaxrss: 23912'
2026-09-17 14:52:45 - Extract iterative edges from k = 79 to 99 
2026-09-17 14:52:45 - command /zfs/softs/contrib/apps/anaconda/3/envs/megahit-1.2.9/bin/megahit_core iterate -c /zfs/work/aphernand001/Metagenoil/mag-pipeline/work/53/078c6eb263c5f4fc10707c48b201cd/megahit_out/intermediate_contigs/k79.contigs.fa -b /zfs/work/aphernand001/Metagenoil/mag-pipeline/work/53/078c6eb263c5f4fc10707c48b201cd/megahit_out/intermediate_contigs/k79.bubble_seq.fa -t 2 -k 79 -s 20 -o /zfs/work/aphernand001/Metagenoil/mag-pipeline/work/53/078c6eb263c5f4fc10707c48b201cd/megahit_out/tmp/k99/99 -r /zfs/work/aphernand001/Metagenoil/mag-pipeline/work/53/078c6eb263c5f4fc10707c48b201cd/megahit_out/tmp/reads.lib.bin
2026-09-17 14:52:45 - b'INFO  main_iterate.cpp              :  190 - Selected kmer type size for k: 20'
2026-09-17 14:52:45 - b'INFO  main_iterate.cpp              :  174 - Read 223 contigs'
2026-09-17 14:52:45 - b'INFO  main_iterate.cpp              :  176 - Number of flank kmers: 444'
2026-09-17 14:52:45 - b'INFO  main_iterate.cpp              :  174 - Read 522 contigs'
2026-09-17 14:52:45 - b'INFO  main_iterate.cpp              :  176 - Number of flank kmers: 1368'
2026-09-17 14:52:45 - b'INFO  main_iterate.cpp              :  123 - Selected kmer type size for next k: 28'
2026-09-17 14:52:46 - b'INFO  main_iterate.cpp              :  138 - Processed: 149566, aligned: 455. Iterative edges: 4018'
2026-09-17 14:52:46 - b'INFO  main_iterate.cpp              :  142 - Total: 149566, aligned: 455. Iterative edges: 4018'
2026-09-17 14:52:46 - b'INFO  utils/utils.h                 :  152 - Real: 1.4345\tuser: 1.4024\tsys: 0.0340\tmaxrss: 13932'
2026-09-17 14:52:46 - Build graph for k = 99 
2026-09-17 14:52:46 - command /zfs/softs/contrib/apps/anaconda/3/envs/megahit-1.2.9/bin/megahit_core seq2sdbg --host_mem 6442450944 --mem_flag 1 --output_prefix /zfs/work/aphernand001/Metagenoil/mag-pipeline/work/53/078c6eb263c5f4fc10707c48b201cd/megahit_out/tmp/k99/99 --num_cpu_threads 2 -k 99 --kmer_from 79 --input_prefix /zfs/work/aphernand001/Metagenoil/mag-pipeline/work/53/078c6eb263c5f4fc10707c48b201cd/megahit_out/tmp/k99/99 --addi_contig /zfs/work/aphernand001/Metagenoil/mag-pipeline/work/53/078c6eb263c5f4fc10707c48b201cd/megahit_out/intermediate_contigs/k79.addi.fa --local_contig /zfs/work/aphernand001/Metagenoil/mag-pipeline/work/53/078c6eb263c5f4fc10707c48b201cd/megahit_out/intermediate_contigs/k79.local.fa --contig /zfs/work/aphernand001/Metagenoil/mag-pipeline/work/53/078c6eb263c5f4fc10707c48b201cd/megahit_out/intermediate_contigs/k79.contigs.fa --bubble /zfs/work/aphernand001/Metagenoil/mag-pipeline/work/53/078c6eb263c5f4fc10707c48b201cd/megahit_out/intermediate_contigs/k79.bubble_seq.fa
2026-09-17 14:52:46 - b'INFO  sorting/base_engine.cpp       :  148 - Preparing data...'
2026-09-17 14:52:46 - b'INFO  sorting/seq_to_sdbg.cpp       :  369 - Number edges: 4018'
2026-09-17 14:52:46 - b'INFO  sorting/seq_to_sdbg.cpp       :  413 - Bases to reserve: 1337461, number contigs: 4544, number multiplicity: 8562'
2026-09-17 14:52:46 - b'INFO  sorting/seq_to_sdbg.cpp       :  421 - Before reading, sizeof seq_package: 370728, multiplicity vector: 8562'
2026-09-17 14:52:46 - b'INFO  sorting/seq_to_sdbg.cpp       :  428 - Read 4018 edges.'
2026-09-17 14:52:46 - b'INFO  sorting/seq_to_sdbg.cpp       :  429 - After reading, sizeof seq_package: 370728/4018/401800, multiplicity vector: 4018/8562'
2026-09-17 14:52:46 - b'INFO  sorting/seq_to_sdbg.cpp       :  458 - Read 2329 contigs from /zfs/work/aphernand001/Metagenoil/mag-pipeline/work/53/078c6eb263c5f4fc10707c48b201cd/megahit_out/intermediate_contigs/k79.contigs.fa.'
2026-09-17 14:52:46 - b'INFO  sorting/seq_to_sdbg.cpp       :  459 - After reading contigs, sizeof seq_package: 1373832/6347/2941922, multiplicity vector: 6347/8562'
2026-09-17 14:52:46 - b'INFO  sorting/seq_to_sdbg.cpp       :  470 - Read 500 contigs from /zfs/work/aphernand001/Metagenoil/mag-pipeline/work/53/078c6eb263c5f4fc10707c48b201cd/megahit_out/intermediate_contigs/k79.bubble_seq.fa.'
2026-09-17 14:52:46 - b'INFO  sorting/seq_to_sdbg.cpp       :  471 - After reading contigs, sizeof seq_package: 1373832/6847/3308284, multiplicity vector: 6847/8562'
2026-09-17 14:52:46 - b'INFO  sorting/seq_to_sdbg.cpp       :  484 - Read 10 contigs from /zfs/work/aphernand001/Metagenoil/mag-pipeline/work/53/078c6eb263c5f4fc10707c48b201cd/megahit_out/intermediate_contigs/k79.addi.fa.'
2026-09-17 14:52:46 - b'INFO  sorting/seq_to_sdbg.cpp       :  485 - After reading contigs, sizeof seq_package: 1373832/6857/3408785, multiplicity vector: 6857/8562'
2026-09-17 14:52:46 - b'INFO  sorting/seq_to_sdbg.cpp       :  498 - Read 1662 contigs from /zfs/work/aphernand001/Metagenoil/mag-pipeline/work/53/078c6eb263c5f4fc10707c48b201cd/megahit_out/intermediate_contigs/k79.local.fa.'
2026-09-17 14:52:46 - b'INFO  sorting/seq_to_sdbg.cpp       :  499 - After reading contigs, sizeof seq_package: 1373832/8519/4263750, multiplicity vector: 8519/8562'
2026-09-17 14:52:46 - b'INFO  sorting/seq_to_sdbg.cpp       :  506 - Finally, sizeof seq_package: 1373832/8519/4263750, multiplicity vector: 8519/8562'
2026-09-17 14:52:46 - b'INFO  sorting/base_engine.cpp       :  153 - Preparing data... Done. Time elapsed: 0.0537'
2026-09-17 14:52:46 - b'INFO  sorting/base_engine.cpp       :  156 - Preparing partitions and calculating bucket sizes...'
2026-09-17 14:52:46 - b'INFO  sorting/base_engine.cpp       :   80 - Minimum memory required: 1662848 bytes'
2026-09-17 14:52:46 - b'INFO  sorting/base_engine.cpp       :  138 - Lv1 items: 916641, Lv2 items: 817'
2026-09-17 14:52:46 - b'INFO  sorting/base_engine.cpp       :  139 - Memory of derived class: 1424292, Memory for Lv1+Lv2: 3689440'
2026-09-17 14:52:46 - b'INFO  sorting/base_engine.cpp       :  165 - Preparing partitions and calculating bucket sizes... Done. Time elapsed: 0.0847'
2026-09-17 14:52:46 - b'INFO  sorting/base_engine.cpp       :  172 - Start main loop...'
2026-09-17 14:52:46 - b'INFO  sorting/base_engine.cpp       :  185 - Lv1 scanning from bucket 0 to 3029'
2026-09-17 14:52:47 - b'INFO  sorting/base_engine.cpp       :  192 - Lv1 scanning done. Large diff: 0. Time elapsed: 0.0870'
2026-09-17 14:52:47 - b'INFO  sorting/base_engine.cpp       :  198 - Lv1 fetching & sorting done. Time elapsed: 0.1648'
2026-09-17 14:52:47 - b'INFO  sorting/base_engine.cpp       :  185 - Lv1 scanning from bucket 3029 to 7512'
2026-09-17 14:52:47 - b'INFO  sorting/base_engine.cpp       :  192 - Lv1 scanning done. Large diff: 0. Time elapsed: 0.0945'
2026-09-17 14:52:47 - b'INFO  sorting/base_engine.cpp       :  198 - Lv1 fetching & sorting done. Time elapsed: 0.1785'
2026-09-17 14:52:47 - b'INFO  sorting/base_engine.cpp       :  185 - Lv1 scanning from bucket 7512 to 13138'
2026-09-17 14:52:47 - b'INFO  sorting/base_engine.cpp       :  192 - Lv1 scanning done. Large diff: 0. Time elapsed: 0.0957'
2026-09-17 14:52:47 - b'INFO  sorting/base_engine.cpp       :  198 - Lv1 fetching & sorting done. Time elapsed: 0.1794'
2026-09-17 14:52:47 - b'INFO  sorting/base_engine.cpp       :  185 - Lv1 scanning from bucket 13138 to 19957'
2026-09-17 14:52:47 - b'INFO  sorting/base_engine.cpp       :  192 - Lv1 scanning done. Large diff: 0. Time elapsed: 0.0959'
2026-09-17 14:52:47 - b'INFO  sorting/base_engine.cpp       :  198 - Lv1 fetching & sorting done. Time elapsed: 0.1848'
2026-09-17 14:52:47 - b'INFO  sorting/base_engine.cpp       :  185 - Lv1 scanning from bucket 19957 to 28214'
2026-09-17 14:52:48 - b'INFO  sorting/base_engine.cpp       :  192 - Lv1 scanning done. Large diff: 0. Time elapsed: 0.0969'
2026-09-17 14:52:48 - b'INFO  sorting/base_engine.cpp       :  198 - Lv1 fetching & sorting done. Time elapsed: 0.1772'
2026-09-17 14:52:48 - b'INFO  sorting/base_engine.cpp       :  185 - Lv1 scanning from bucket 28214 to 38473'
2026-09-17 14:52:48 - b'INFO  sorting/base_engine.cpp       :  192 - Lv1 scanning done. Large diff: 0. Time elapsed: 0.0970'
2026-09-17 14:52:48 - b'INFO  sorting/base_engine.cpp       :  198 - Lv1 fetching & sorting done. Time elapsed: 0.1855'
2026-09-17 14:52:48 - b'INFO  sorting/base_engine.cpp       :  185 - Lv1 scanning from bucket 38473 to 52576'
2026-09-17 14:52:48 - b'INFO  sorting/base_engine.cpp       :  192 - Lv1 scanning done. Large diff: 0. Time elapsed: 0.0983'
2026-09-17 14:52:48 - b'INFO  sorting/base_engine.cpp       :  198 - Lv1 fetching & sorting done. Time elapsed: 0.1927'
2026-09-17 14:52:48 - b'INFO  sorting/base_engine.cpp       :  185 - Lv1 scanning from bucket 52576 to 65536'
2026-09-17 14:52:48 - b'INFO  sorting/base_engine.cpp       :  192 - Lv1 scanning done. Large diff: 0. Time elapsed: 0.0716'
2026-09-17 14:52:49 - b'INFO  sorting/base_engine.cpp       :  198 - Lv1 fetching & sorting done. Time elapsed: 0.0934'
2026-09-17 14:52:49 - b'INFO  sorting/base_engine.cpp       :  204 - Main loop done. Time elapsed: 2.0950'
2026-09-17 14:52:49 - b'INFO  sorting/base_engine.cpp       :  207 - Postprocessing...'
2026-09-17 14:52:49 - b'INFO  sorting/seq_to_sdbg.cpp       :  793 - Number of $ A C G T A- C- G- T-:'
2026-09-17 14:52:49 - b'INFO  sorting/seq_to_sdbg.cpp       :  794 - 4692 1286783 1066239 1066594 1286052 178 146 144 160'
2026-09-17 14:52:49 - b'INFO  sorting/seq_to_sdbg.cpp       :  800 - Total number of edges: 4710988'
2026-09-17 14:52:49 - b'INFO  sorting/seq_to_sdbg.cpp       :  801 - Total number of ONEs: 4705668'
2026-09-17 14:52:49 - b'INFO  sorting/seq_to_sdbg.cpp       :  802 - Total number of $v edges: 4692'
2026-09-17 14:52:49 - b'INFO  sorting/base_engine.cpp       :  210 - Postprocess done. Time elapsed: 0.2235'
2026-09-17 14:52:49 - b'INFO  utils/utils.h                 :  152 - Real: 2.4626\tuser: 4.5236\tsys: 0.0669\tmaxrss: 30776'
2026-09-17 14:52:49 - Assemble contigs from SdBG for k = 99
2026-09-17 14:52:49 - command /zfs/softs/contrib/apps/anaconda/3/envs/megahit-1.2.9/bin/megahit_core assemble -s /zfs/work/aphernand001/Metagenoil/mag-pipeline/work/53/078c6eb263c5f4fc10707c48b201cd/megahit_out/tmp/k99/99 -o /zfs/work/aphernand001/Metagenoil/mag-pipeline/work/53/078c6eb263c5f4fc10707c48b201cd/megahit_out/intermediate_contigs/k99 -t 2 --min_standalone 300 --prune_level 2 --merge_len 20 --merge_similar 0.95 --cleaning_rounds 5 --disconnect_ratio 0.1 --low_local_ratio 0.2 --cleaning_rounds 5 --min_depth 2 --bubble_level 2 --max_tip_len -1 --careful_bubble
2026-09-17 14:52:49 - b'INFO  main_assemble.cpp             :  129 - Loading succinct de Bruijn graph: /zfs/work/aphernand001/Metagenoil/mag-pipeline/work/53/078c6eb263c5f4fc10707c48b201cd/megahit_out/tmp/k99/99Done. Time elapsed: 0.413727'
2026-09-17 14:52:49 - b'INFO  main_assemble.cpp             :  133 - Number of Edges: 4710988; K value: 99'
2026-09-17 14:52:49 - b'INFO  main_assemble.cpp             :  140 - Number of CPU threads: 2'
2026-09-17 14:52:50 - b'INFO  assembly/sdbg_pruning.cpp     :  160 - Removing tips with length less than 2; Accumulated tips removed: 8; time elapsed: 0.0326'
2026-09-17 14:52:50 - b'INFO  assembly/sdbg_pruning.cpp     :  160 - Removing tips with length less than 4; Accumulated tips removed: 30; time elapsed: 0.0389'
2026-09-17 14:52:50 - b'INFO  assembly/sdbg_pruning.cpp     :  160 - Removing tips with length less than 8; Accumulated tips removed: 44; time elapsed: 0.0563'
2026-09-17 14:52:50 - b'INFO  assembly/sdbg_pruning.cpp     :  160 - Removing tips with length less than 16; Accumulated tips removed: 106; time elapsed: 0.0902'
2026-09-17 14:52:50 - b'INFO  assembly/sdbg_pruning.cpp     :  160 - Removing tips with length less than 32; Accumulated tips removed: 172; time elapsed: 0.1424'
2026-09-17 14:52:51 - b'INFO  assembly/sdbg_pruning.cpp     :  160 - Removing tips with length less than 64; Accumulated tips removed: 324; time elapsed: 0.2576'
2026-09-17 14:52:51 - b'INFO  assembly/sdbg_pruning.cpp     :  160 - Removing tips with length less than 128; Accumulated tips removed: 584; time elapsed: 0.4426'
2026-09-17 14:52:52 - b'INFO  assembly/sdbg_pruning.cpp     :  169 - Removing tips with length less than 198; Accumulated tips removed: 1856; time elapsed: 0.5752'
2026-09-17 14:52:52 - b'INFO  main_assemble.cpp             :  158 - Tips removal done! Time elapsed(sec): 2.519'
2026-09-17 14:52:55 - b'INFO  assembly/unitig_graph.cpp     :   83 - Graph size without loops: 2136, palindrome: 0'
2026-09-17 14:52:55 - b'INFO  main_assemble.cpp             :  166 - unitig graph size: 2140, time for building: 2.938'
2026-09-17 14:52:55 - b'INFO  assembly/contig_stat.h        :   40 - Max: 87123, Min: 100, N50: 6061, number contigs: 2140, number isolated: 1424, number looped: 4, total size: 2441714,'
2026-09-17 14:52:55 - b'INFO  main_assemble.cpp             :  184 - Graph cleaning round 1'
2026-09-17 14:52:55 - b'INFO  main_assemble.cpp             :  200 - Number of bubbles removed: 128, Time elapsed(sec): 0.084'
2026-09-17 14:52:55 - b'INFO  main_assemble.cpp             :  210 - Number of complex bubbles removed: 30, Time elapsed(sec): 0.048338'
2026-09-17 14:52:55 - b'INFO  main_assemble.cpp             :  221 - Number unitigs disconnected: 6, time: 0.001'
2026-09-17 14:52:55 - b'INFO  main_assemble.cpp             :  245 - Unitigs removed in excessive pruning: 0, time: 0.000'
2026-09-17 14:52:55 - b'INFO  main_assemble.cpp             :  184 - Graph cleaning round 2'
2026-09-17 14:52:55 - b'INFO  main_assemble.cpp             :  192 - Tips removed: 6, time: 0.006'
2026-09-17 14:52:55 - b'INFO  main_assemble.cpp             :  200 - Number of bubbles removed: 0, Time elapsed(sec): 0.001'
2026-09-17 14:52:55 - b'INFO  main_assemble.cpp             :  210 - Number of complex bubbles removed: 0, Time elapsed(sec): 0.002292'
2026-09-17 14:52:55 - b'INFO  main_assemble.cpp             :  221 - Number unitigs disconnected: 0, time: 0.001'
2026-09-17 14:52:55 - b'INFO  main_assemble.cpp             :  245 - Unitigs removed in excessive pruning: 0, time: 0.000'
2026-09-17 14:52:55 - b'INFO  main_assemble.cpp             :  184 - Graph cleaning round 3'
2026-09-17 14:52:55 - b'INFO  main_assemble.cpp             :  192 - Tips removed: 0, time: 0.005'
2026-09-17 14:52:55 - b'INFO  main_assemble.cpp             :  200 - Number of bubbles removed: 0, Time elapsed(sec): 0.001'
2026-09-17 14:52:55 - b'INFO  main_assemble.cpp             :  210 - Number of complex bubbles removed: 0, Time elapsed(sec): 0.002276'
2026-09-17 14:52:55 - b'INFO  main_assemble.cpp             :  221 - Number unitigs disconnected: 0, time: 0.001'
2026-09-17 14:52:55 - b'INFO  main_assemble.cpp             :  245 - Unitigs removed in excessive pruning: 0, time: 0.000'
2026-09-17 14:52:55 - b'INFO  assembly/contig_stat.h        :   40 - Max: 94357, Min: 100, N50: 7052, number contigs: 1655, number isolated: 1532, number looped: 3, total size: 2376190,'
2026-09-17 14:52:56 - b'INFO  main_assemble.cpp             :  267 - Time to output: 0.886345'
2026-09-17 14:52:56 - b'INFO  main_assemble.cpp             :  286 - Number of local low depth unitigs removed: 5, complex bubbles removed: 0, time: 0.003732'
2026-09-17 14:52:56 - b'INFO  assembly/contig_stat.h        :   40 - Max: 94357, Min: 100, N50: 7052, number contigs: 1640, number isolated: 1535, number looped: 3, total size: 2374250,'
2026-09-17 14:52:57 - b'INFO  utils/utils.h                 :  152 - Real: 7.8045\tuser: 14.9315\tsys: 0.0838\tmaxrss: 23168'
2026-09-17 14:52:57 - Local assembly for k = 99
2026-09-17 14:52:57 - command /zfs/softs/contrib/apps/anaconda/3/envs/megahit-1.2.9/bin/megahit_core local -c /zfs/work/aphernand001/Metagenoil/mag-pipeline/work/53/078c6eb263c5f4fc10707c48b201cd/megahit_out/intermediate_contigs/k99.contigs.fa -l /zfs/work/aphernand001/Metagenoil/mag-pipeline/work/53/078c6eb263c5f4fc10707c48b201cd/megahit_out/tmp/reads.lib -t 2 -o /zfs/work/aphernand001/Metagenoil/mag-pipeline/work/53/078c6eb263c5f4fc10707c48b201cd/megahit_out/intermediate_contigs/k99.local.fa --kmax 119
2026-09-17 14:52:57 - b'INFO  localasm/hash_mapper.cpp      :   99 - Number of contigs: 1615, index size: 290638'
2026-09-17 14:52:57 - b'INFO  localasm/local_assemble.cpp   :  315 - Hash mapper construction time elapsed: 0.193465'
2026-09-17 14:52:57 - b'INFO  sequence/io/sequence_lib.cpp  :  115 - Before reading, sizeof seq_package: 6219300'
2026-09-17 14:52:57 - b'INFO  sequence/io/sequence_lib.cpp  :  117 - After reading, sizeof seq_package: 6219300'
2026-09-17 14:52:57 - b'INFO  localasm/local_assemble.cpp   :  324 - Read lib time elapsed: 0.024202'
2026-09-17 14:52:57 - b'INFO  localasm/local_assemble.cpp   :  133 - Lib 0, insert size: 723.00 sd: 302.73'
2026-09-17 14:52:58 - b'INFO  localasm/local_assemble.cpp   :  133 - Lib 1, insert size: 547.00 sd: 216.96'
2026-09-17 14:52:58 - b'INFO  localasm/local_assemble.cpp   :  330 - Insert size estimation time elapsed: 0.747077'
2026-09-17 14:52:58 - b'INFO  localasm/local_assemble.cpp   :  218 - Lib 0: total 99592 reads, aligned 99091, added 5792 reads to local assembly'
2026-09-17 14:52:58 - b'INFO  localasm/local_assemble.cpp   :  218 - Lib 1: total 49974 reads, aligned 11177, added 8438 reads to local assembly'
2026-09-17 14:52:58 - b'INFO  localasm/local_assemble.cpp   :  338 - Mapping time elapsed: 0.755683'
2026-09-17 14:52:58 - b'INFO  localasm/local_assemble.cpp   :  232 - Minimum number of reads to do local assembly: 4'
2026-09-17 14:53:15 - b'INFO  localasm/local_assemble.cpp   :  346 - Local assembly time elapsed: 16.938907'
2026-09-17 14:53:15 - b'INFO  utils/utils.h                 :  152 - Real: 18.6633\tuser: 37.1755\tsys: 0.0419\tmaxrss: 21648'
2026-09-17 14:53:15 - Extract iterative edges from k = 99 to 119 
2026-09-17 14:53:15 - command /zfs/softs/contrib/apps/anaconda/3/envs/megahit-1.2.9/bin/megahit_core iterate -c /zfs/work/aphernand001/Metagenoil/mag-pipeline/work/53/078c6eb263c5f4fc10707c48b201cd/megahit_out/intermediate_contigs/k99.contigs.fa -b /zfs/work/aphernand001/Metagenoil/mag-pipeline/work/53/078c6eb263c5f4fc10707c48b201cd/megahit_out/intermediate_contigs/k99.bubble_seq.fa -t 2 -k 99 -s 20 -o /zfs/work/aphernand001/Metagenoil/mag-pipeline/work/53/078c6eb263c5f4fc10707c48b201cd/megahit_out/tmp/k119/119 -r /zfs/work/aphernand001/Metagenoil/mag-pipeline/work/53/078c6eb263c5f4fc10707c48b201cd/megahit_out/tmp/reads.lib.bin
2026-09-17 14:53:15 - b'INFO  main_iterate.cpp              :  190 - Selected kmer type size for k: 28'
2026-09-17 14:53:15 - b'INFO  main_iterate.cpp              :  174 - Read 123 contigs'
2026-09-17 14:53:15 - b'INFO  main_iterate.cpp              :  176 - Number of flank kmers: 244'
2026-09-17 14:53:15 - b'INFO  main_iterate.cpp              :  174 - Read 327 contigs'
2026-09-17 14:53:15 - b'INFO  main_iterate.cpp              :  176 - Number of flank kmers: 829'
2026-09-17 14:53:15 - b'INFO  main_iterate.cpp              :  123 - Selected kmer type size for next k: 32'
2026-09-17 14:53:17 - b'INFO  main_iterate.cpp              :  138 - Processed: 149566, aligned: 145. Iterative edges: 1153'
2026-09-17 14:53:17 - b'INFO  main_iterate.cpp              :  142 - Total: 149566, aligned: 145. Iterative edges: 1153'
2026-09-17 14:53:17 - b'INFO  utils/utils.h                 :  152 - Real: 1.3308\tuser: 1.3091\tsys: 0.0240\tmaxrss: 13932'
2026-09-17 14:53:17 - Build graph for k = 119 
2026-09-17 14:53:17 - command /zfs/softs/contrib/apps/anaconda/3/envs/megahit-1.2.9/bin/megahit_core seq2sdbg --host_mem 6442450944 --mem_flag 1 --output_prefix /zfs/work/aphernand001/Metagenoil/mag-pipeline/work/53/078c6eb263c5f4fc10707c48b201cd/megahit_out/tmp/k119/119 --num_cpu_threads 2 -k 119 --kmer_from 99 --input_prefix /zfs/work/aphernand001/Metagenoil/mag-pipeline/work/53/078c6eb263c5f4fc10707c48b201cd/megahit_out/tmp/k119/119 --addi_contig /zfs/work/aphernand001/Metagenoil/mag-pipeline/work/53/078c6eb263c5f4fc10707c48b201cd/megahit_out/intermediate_contigs/k99.addi.fa --local_contig /zfs/work/aphernand001/Metagenoil/mag-pipeline/work/53/078c6eb263c5f4fc10707c48b201cd/megahit_out/intermediate_contigs/k99.local.fa --contig /zfs/work/aphernand001/Metagenoil/mag-pipeline/work/53/078c6eb263c5f4fc10707c48b201cd/megahit_out/intermediate_contigs/k99.contigs.fa --bubble /zfs/work/aphernand001/Metagenoil/mag-pipeline/work/53/078c6eb263c5f4fc10707c48b201cd/megahit_out/intermediate_contigs/k99.bubble_seq.fa
2026-09-17 14:53:17 - b'INFO  sorting/base_engine.cpp       :  148 - Preparing data...'
2026-09-17 14:53:17 - b'INFO  sorting/seq_to_sdbg.cpp       :  369 - Number edges: 1153'
2026-09-17 14:53:17 - b'INFO  sorting/seq_to_sdbg.cpp       :  413 - Bases to reserve: 892755, number contigs: 3227, number multiplicity: 4380'
2026-09-17 14:53:17 - b'INFO  sorting/seq_to_sdbg.cpp       :  421 - Before reading, sizeof seq_package: 249016, multiplicity vector: 4380'
2026-09-17 14:53:17 - b'INFO  sorting/seq_to_sdbg.cpp       :  428 - Read 1153 edges.'
2026-09-17 14:53:17 - b'INFO  sorting/seq_to_sdbg.cpp       :  429 - After reading, sizeof seq_package: 249016/1153/138360, multiplicity vector: 1153/4380'
2026-09-17 14:53:17 - b'INFO  sorting/seq_to_sdbg.cpp       :  458 - Read 1644 contigs from /zfs/work/aphernand001/Metagenoil/mag-pipeline/work/53/078c6eb263c5f4fc10707c48b201cd/megahit_out/intermediate_contigs/k99.contigs.fa.'
2026-09-17 14:53:17 - b'INFO  sorting/seq_to_sdbg.cpp       :  459 - After reading contigs, sizeof seq_package: 918592/2797/2513398, multiplicity vector: 2797/4380'
2026-09-17 14:53:17 - b'INFO  sorting/seq_to_sdbg.cpp       :  470 - Read 313 contigs from /zfs/work/aphernand001/Metagenoil/mag-pipeline/work/53/078c6eb263c5f4fc10707c48b201cd/megahit_out/intermediate_contigs/k99.bubble_seq.fa.'
2026-09-17 14:53:17 - b'INFO  sorting/seq_to_sdbg.cpp       :  471 - After reading contigs, sizeof seq_package: 918592/3110/2805654, multiplicity vector: 3110/4380'
2026-09-17 14:53:17 - b'INFO  sorting/seq_to_sdbg.cpp       :  484 - Read 9 contigs from /zfs/work/aphernand001/Metagenoil/mag-pipeline/work/53/078c6eb263c5f4fc10707c48b201cd/megahit_out/intermediate_contigs/k99.addi.fa.'
2026-09-17 14:53:17 - b'INFO  sorting/seq_to_sdbg.cpp       :  485 - After reading contigs, sizeof seq_package: 918592/3119/2825643, multiplicity vector: 3119/4380'
2026-09-17 14:53:17 - b'INFO  sorting/seq_to_sdbg.cpp       :  498 - Read 1236 contigs from /zfs/work/aphernand001/Metagenoil/mag-pipeline/work/53/078c6eb263c5f4fc10707c48b201cd/megahit_out/intermediate_contigs/k99.local.fa.'
2026-09-17 14:53:17 - b'INFO  sorting/seq_to_sdbg.cpp       :  499 - After reading contigs, sizeof seq_package: 918592/4355/3524290, multiplicity vector: 4355/4380'
2026-09-17 14:53:17 - b'INFO  sorting/seq_to_sdbg.cpp       :  506 - Finally, sizeof seq_package: 918592/4355/3524290, multiplicity vector: 4355/4380'
2026-09-17 14:53:17 - b'INFO  sorting/base_engine.cpp       :  153 - Preparing data... Done. Time elapsed: 0.0492'
2026-09-17 14:53:17 - b'INFO  sorting/base_engine.cpp       :  156 - Preparing partitions and calculating bucket sizes...'
2026-09-17 14:53:17 - b'INFO  sorting/base_engine.cpp       :   80 - Minimum memory required: 1168876 bytes'
2026-09-17 14:53:17 - b'INFO  sorting/base_engine.cpp       :  138 - Lv1 items: 803934, Lv2 items: 689'
2026-09-17 14:53:17 - b'INFO  sorting/base_engine.cpp       :  139 - Memory of derived class: 954912, Memory for Lv1+Lv2: 3240540'
2026-09-17 14:53:17 - b'INFO  sorting/base_engine.cpp       :  165 - Preparing partitions and calculating bucket sizes... Done. Time elapsed: 0.0616'
2026-09-17 14:53:17 - b'INFO  sorting/base_engine.cpp       :  172 - Start main loop...'
2026-09-17 14:53:17 - b'INFO  sorting/base_engine.cpp       :  185 - Lv1 scanning from bucket 0 to 3056'
2026-09-17 14:53:17 - b'INFO  sorting/base_engine.cpp       :  192 - Lv1 scanning done. Large diff: 0. Time elapsed: 0.0449'
2026-09-17 14:53:17 - b'INFO  sorting/base_engine.cpp       :  198 - Lv1 fetching & sorting done. Time elapsed: 0.1493'
2026-09-17 14:53:17 - b'INFO  sorting/base_engine.cpp       :  185 - Lv1 scanning from bucket 3056 to 7548'
2026-09-17 14:53:17 - b'INFO  sorting/base_engine.cpp       :  192 - Lv1 scanning done. Large diff: 0. Time elapsed: 0.0480'
2026-09-17 14:53:17 - b'INFO  sorting/base_engine.cpp       :  198 - Lv1 fetching & sorting done. Time elapsed: 0.1502'
2026-09-17 14:53:17 - b'INFO  sorting/base_engine.cpp       :  185 - Lv1 scanning from bucket 7548 to 13171'
2026-09-17 14:53:17 - b'INFO  sorting/base_engine.cpp       :  192 - Lv1 scanning done. Large diff: 0. Time elapsed: 0.0487'
2026-09-17 14:53:17 - b'INFO  sorting/base_engine.cpp       :  198 - Lv1 fetching & sorting done. Time elapsed: 0.1572'
2026-09-17 14:53:17 - b'INFO  sorting/base_engine.cpp       :  185 - Lv1 scanning from bucket 13171 to 19978'
2026-09-17 14:53:17 - b'INFO  sorting/base_engine.cpp       :  192 - Lv1 scanning done. Large diff: 0. Time elapsed: 0.0492'
2026-09-17 14:53:18 - b'INFO  sorting/base_engine.cpp       :  198 - Lv1 fetching & sorting done. Time elapsed: 0.1578'
2026-09-17 14:53:18 - b'INFO  sorting/base_engine.cpp       :  185 - Lv1 scanning from bucket 19978 to 28218'
2026-09-17 14:53:18 - b'INFO  sorting/base_engine.cpp       :  192 - Lv1 scanning done. Large diff: 0. Time elapsed: 0.0507'
2026-09-17 14:53:18 - b'INFO  sorting/base_engine.cpp       :  198 - Lv1 fetching & sorting done. Time elapsed: 0.1660'
2026-09-17 14:53:18 - b'INFO  sorting/base_engine.cpp       :  185 - Lv1 scanning from bucket 28218 to 38461'
2026-09-17 14:53:18 - b'INFO  sorting/base_engine.cpp       :  192 - Lv1 scanning done. Large diff: 0. Time elapsed: 0.0507'
2026-09-17 14:53:18 - b'INFO  sorting/base_engine.cpp       :  198 - Lv1 fetching & sorting done. Time elapsed: 0.1671'
2026-09-17 14:53:18 - b'INFO  sorting/base_engine.cpp       :  185 - Lv1 scanning from bucket 38461 to 52570'
2026-09-17 14:53:18 - b'INFO  sorting/base_engine.cpp       :  192 - Lv1 scanning done. Large diff: 0. Time elapsed: 0.0494'
2026-09-17 14:53:18 - b'INFO  sorting/base_engine.cpp       :  198 - Lv1 fetching & sorting done. Time elapsed: 0.1680'
2026-09-17 14:53:18 - b'INFO  sorting/base_engine.cpp       :  185 - Lv1 scanning from bucket 52570 to 65536'
2026-09-17 14:53:18 - b'INFO  sorting/base_engine.cpp       :  192 - Lv1 scanning done. Large diff: 0. Time elapsed: 0.0355'
2026-09-17 14:53:18 - b'INFO  sorting/base_engine.cpp       :  198 - Lv1 fetching & sorting done. Time elapsed: 0.0739'
2026-09-17 14:53:18 - b'INFO  sorting/base_engine.cpp       :  204 - Main loop done. Time elapsed: 1.5679'
2026-09-17 14:53:18 - b'INFO  sorting/base_engine.cpp       :  207 - Postprocessing...'
2026-09-17 14:53:19 - b'INFO  sorting/seq_to_sdbg.cpp       :  793 - Number of $ A C G T A- C- G- T-:'
2026-09-17 14:53:19 - b'INFO  sorting/seq_to_sdbg.cpp       :  794 - 3387 1200360 1008134 1008864 1199858 90 85 85 87'
2026-09-17 14:53:19 - b'INFO  sorting/seq_to_sdbg.cpp       :  800 - Total number of edges: 4420950'
2026-09-17 14:53:19 - b'INFO  sorting/seq_to_sdbg.cpp       :  801 - Total number of ONEs: 4417216'
2026-09-17 14:53:19 - b'INFO  sorting/seq_to_sdbg.cpp       :  802 - Total number of $v edges: 3387'
2026-09-17 14:53:19 - b'INFO  sorting/base_engine.cpp       :  210 - Postprocess done. Time elapsed: 0.2340'
2026-09-17 14:53:19 - b'INFO  utils/utils.h                 :  152 - Real: 1.9199\tuser: 3.6824\tsys: 0.0897\tmaxrss: 30064'
2026-09-17 14:53:19 - Assemble contigs from SdBG for k = 119
2026-09-17 14:53:19 - command /zfs/softs/contrib/apps/anaconda/3/envs/megahit-1.2.9/bin/megahit_core assemble -s /zfs/work/aphernand001/Metagenoil/mag-pipeline/work/53/078c6eb263c5f4fc10707c48b201cd/megahit_out/tmp/k119/119 -o /zfs/work/aphernand001/Metagenoil/mag-pipeline/work/53/078c6eb263c5f4fc10707c48b201cd/megahit_out/intermediate_contigs/k119 -t 2 --min_standalone 300 --prune_level 2 --merge_len 20 --merge_similar 0.95 --cleaning_rounds 5 --disconnect_ratio 0.1 --low_local_ratio 0.2 --cleaning_rounds 5 --min_depth 2 --bubble_level 2 --max_tip_len 182.0 --careful_bubble
2026-09-17 14:53:19 - b'INFO  main_assemble.cpp             :  129 - Loading succinct de Bruijn graph: /zfs/work/aphernand001/Metagenoil/mag-pipeline/work/53/078c6eb263c5f4fc10707c48b201cd/megahit_out/tmp/k119/119Done. Time elapsed: 0.403868'
2026-09-17 14:53:19 - b'INFO  main_assemble.cpp             :  133 - Number of Edges: 4420950; K value: 119'
2026-09-17 14:53:19 - b'INFO  main_assemble.cpp             :  140 - Number of CPU threads: 2'
2026-09-17 14:53:20 - b'INFO  assembly/sdbg_pruning.cpp     :  160 - Removing tips with length less than 2; Accumulated tips removed: 8; time elapsed: 0.0296'
2026-09-17 14:53:20 - b'INFO  assembly/sdbg_pruning.cpp     :  160 - Removing tips with length less than 4; Accumulated tips removed: 26; time elapsed: 0.0340'
2026-09-17 14:53:20 - b'INFO  assembly/sdbg_pruning.cpp     :  160 - Removing tips with length less than 8; Accumulated tips removed: 40; time elapsed: 0.0446'
2026-09-17 14:53:20 - b'INFO  assembly/sdbg_pruning.cpp     :  160 - Removing tips with length less than 16; Accumulated tips removed: 80; time elapsed: 0.0688'
2026-09-17 14:53:20 - b'INFO  assembly/sdbg_pruning.cpp     :  160 - Removing tips with length less than 32; Accumulated tips removed: 120; time elapsed: 0.1064'
2026-09-17 14:53:20 - b'INFO  assembly/sdbg_pruning.cpp     :  160 - Removing tips with length less than 64; Accumulated tips removed: 210; time elapsed: 0.1812'
2026-09-17 14:53:21 - b'INFO  assembly/sdbg_pruning.cpp     :  160 - Removing tips with length less than 128; Accumulated tips removed: 414; time elapsed: 0.3240'
2026-09-17 14:53:21 - b'INFO  assembly/sdbg_pruning.cpp     :  169 - Removing tips with length less than 182; Accumulated tips removed: 492; time elapsed: 0.4404'
2026-09-17 14:53:21 - b'INFO  main_assemble.cpp             :  158 - Tips removal done! Time elapsed(sec): 2.060'
2026-09-17 14:53:24 - b'INFO  assembly/unitig_graph.cpp     :   83 - Graph size without loops: 1835, palindrome: 0'
2026-09-17 14:53:24 - b'INFO  main_assemble.cpp             :  166 - unitig graph size: 1838, time for building: 2.903'
2026-09-17 14:53:24 - b'INFO  assembly/contig_stat.h        :   40 - Max: 94239, Min: 120, N50: 6736, number contigs: 1838, number isolated: 1457, number looped: 3, total size: 2407038,'
2026-09-17 14:53:24 - b'INFO  main_assemble.cpp             :  184 - Graph cleaning round 1'
2026-09-17 14:53:24 - b'INFO  main_assemble.cpp             :  200 - Number of bubbles removed: 66, Time elapsed(sec): 0.037'
2026-09-17 14:53:24 - b'INFO  main_assemble.cpp             :  210 - Number of complex bubbles removed: 16, Time elapsed(sec): 0.036982'
2026-09-17 14:53:24 - b'INFO  main_assemble.cpp             :  221 - Number unitigs disconnected: 3, time: 0.001'
2026-09-17 14:53:24 - b'INFO  main_assemble.cpp             :  245 - Unitigs removed in excessive pruning: 0, time: 0.000'
2026-09-17 14:53:24 - b'INFO  main_assemble.cpp             :  184 - Graph cleaning round 2'
2026-09-17 14:53:24 - b'INFO  main_assemble.cpp             :  192 - Tips removed: 1, time: 0.005'
2026-09-17 14:53:24 - b'INFO  main_assemble.cpp             :  200 - Number of bubbles removed: 0, Time elapsed(sec): 0.001'
2026-09-17 14:53:24 - b'INFO  main_assemble.cpp             :  210 - Number of complex bubbles removed: 0, Time elapsed(sec): 0.001108'
2026-09-17 14:53:24 - b'INFO  main_assemble.cpp             :  221 - Number unitigs disconnected: 0, time: 0.001'
2026-09-17 14:53:24 - b'INFO  main_assemble.cpp             :  245 - Unitigs removed in excessive pruning: 0, time: 0.000'
2026-09-17 14:53:24 - b'INFO  main_assemble.cpp             :  184 - Graph cleaning round 3'
2026-09-17 14:53:24 - b'INFO  main_assemble.cpp             :  192 - Tips removed: 0, time: 0.004'
2026-09-17 14:53:24 - b'INFO  main_assemble.cpp             :  200 - Number of bubbles removed: 0, Time elapsed(sec): 0.001'
2026-09-17 14:53:24 - b'INFO  main_assemble.cpp             :  210 - Number of complex bubbles removed: 0, Time elapsed(sec): 0.001143'
2026-09-17 14:53:24 - b'INFO  main_assemble.cpp             :  221 - Number unitigs disconnected: 0, time: 0.001'
2026-09-17 14:53:24 - b'INFO  main_assemble.cpp             :  245 - Unitigs removed in excessive pruning: 0, time: 0.000'
2026-09-17 14:53:24 - b'INFO  assembly/contig_stat.h        :   40 - Max: 94239, Min: 120, N50: 7400, number contigs: 1588, number isolated: 1523, number looped: 3, total size: 2366621,'
2026-09-17 14:53:25 - b'INFO  main_assemble.cpp             :  267 - Time to output: 0.903056'
2026-09-17 14:53:25 - b'INFO  main_assemble.cpp             :  286 - Number of local low depth unitigs removed: 2, complex bubbles removed: 0, time: 0.002330'
2026-09-17 14:53:25 - b'INFO  assembly/contig_stat.h        :   40 - Max: 94239, Min: 120, N50: 7400, number contigs: 1582, number isolated: 1525, number looped: 3, total size: 2365658,'
2026-09-17 14:53:26 - b'INFO  utils/utils.h                 :  152 - Real: 7.2728\tuser: 13.7056\tsys: 0.0728\tmaxrss: 22532'
2026-09-17 14:53:26 - Local assembly for k = 119
2026-09-17 14:53:26 - command /zfs/softs/contrib/apps/anaconda/3/envs/megahit-1.2.9/bin/megahit_core local -c /zfs/work/aphernand001/Metagenoil/mag-pipeline/work/53/078c6eb263c5f4fc10707c48b201cd/megahit_out/intermediate_contigs/k119.contigs.fa -l /zfs/work/aphernand001/Metagenoil/mag-pipeline/work/53/078c6eb263c5f4fc10707c48b201cd/megahit_out/tmp/reads.lib -t 2 -o /zfs/work/aphernand001/Metagenoil/mag-pipeline/work/53/078c6eb263c5f4fc10707c48b201cd/megahit_out/intermediate_contigs/k119.local.fa --kmax 141
2026-09-17 14:53:26 - b'INFO  localasm/hash_mapper.cpp      :   99 - Number of contigs: 1578, index size: 289998'
2026-09-17 14:53:26 - b'INFO  localasm/local_assemble.cpp   :  315 - Hash mapper construction time elapsed: 0.179210'
2026-09-17 14:53:26 - b'INFO  sequence/io/sequence_lib.cpp  :  115 - Before reading, sizeof seq_package: 6219300'
2026-09-17 14:53:26 - b'INFO  sequence/io/sequence_lib.cpp  :  117 - After reading, sizeof seq_package: 6219300'
2026-09-17 14:53:26 - b'INFO  localasm/local_assemble.cpp   :  324 - Read lib time elapsed: 0.025107'
2026-09-17 14:53:27 - b'INFO  localasm/local_assemble.cpp   :  133 - Lib 0, insert size: 723.00 sd: 302.72'
2026-09-17 14:53:27 - b'INFO  localasm/local_assemble.cpp   :  133 - Lib 1, insert size: 561.00 sd: 228.10'
2026-09-17 14:53:27 - b'INFO  localasm/local_assemble.cpp   :  330 - Insert size estimation time elapsed: 0.763765'
2026-09-17 14:53:27 - b'INFO  localasm/local_assemble.cpp   :  218 - Lib 0: total 99592 reads, aligned 99092, added 5495 reads to local assembly'
2026-09-17 14:53:28 - b'INFO  localasm/local_assemble.cpp   :  218 - Lib 1: total 49974 reads, aligned 11050, added 8178 reads to local assembly'
2026-09-17 14:53:28 - b'INFO  localasm/local_assemble.cpp   :  338 - Mapping time elapsed: 0.748464'
2026-09-17 14:53:28 - b'INFO  localasm/local_assemble.cpp   :  232 - Minimum number of reads to do local assembly: 4'
2026-09-17 14:53:44 - b'INFO  localasm/local_assemble.cpp   :  346 - Local assembly time elapsed: 16.653905'
2026-09-17 14:53:44 - b'INFO  utils/utils.h                 :  152 - Real: 18.3744\tuser: 36.5972\tsys: 0.0449\tmaxrss: 21632'
2026-09-17 14:53:44 - Extract iterative edges from k = 119 to 141 
2026-09-17 14:53:44 - command /zfs/softs/contrib/apps/anaconda/3/envs/megahit-1.2.9/bin/megahit_core iterate -c /zfs/work/aphernand001/Metagenoil/mag-pipeline/work/53/078c6eb263c5f4fc10707c48b201cd/megahit_out/intermediate_contigs/k119.contigs.fa -b /zfs/work/aphernand001/Metagenoil/mag-pipeline/work/53/078c6eb263c5f4fc10707c48b201cd/megahit_out/intermediate_contigs/k119.bubble_seq.fa -t 2 -k 119 -s 22 -o /zfs/work/aphernand001/Metagenoil/mag-pipeline/work/53/078c6eb263c5f4fc10707c48b201cd/megahit_out/tmp/k141/141 -r /zfs/work/aphernand001/Metagenoil/mag-pipeline/work/53/078c6eb263c5f4fc10707c48b201cd/megahit_out/tmp/reads.lib.bin
2026-09-17 14:53:44 - b'INFO  main_iterate.cpp              :  190 - Selected kmer type size for k: 32'
2026-09-17 14:53:44 - b'INFO  main_iterate.cpp              :  174 - Read 65 contigs'
2026-09-17 14:53:44 - b'INFO  main_iterate.cpp              :  176 - Number of flank kmers: 129'
2026-09-17 14:53:44 - b'INFO  main_iterate.cpp              :  174 - Read 144 contigs'
2026-09-17 14:53:44 - b'INFO  main_iterate.cpp              :  176 - Number of flank kmers: 395'
2026-09-17 14:53:44 - b'INFO  main_iterate.cpp              :  123 - Selected kmer type size for next k: 64'
2026-09-17 14:53:45 - b'INFO  main_iterate.cpp              :  138 - Processed: 149566, aligned: 7. Iterative edges: 27'
2026-09-17 14:53:45 - b'INFO  main_iterate.cpp              :  142 - Total: 149566, aligned: 7. Iterative edges: 27'
2026-09-17 14:53:45 - b'INFO  utils/utils.h                 :  152 - Real: 0.3881\tuser: 0.3668\tsys: 0.0260\tmaxrss: 13932'
2026-09-17 14:53:45 - Build graph for k = 141 
2026-09-17 14:53:45 - command /zfs/softs/contrib/apps/anaconda/3/envs/megahit-1.2.9/bin/megahit_core seq2sdbg --host_mem 6442450944 --mem_flag 1 --output_prefix /zfs/work/aphernand001/Metagenoil/mag-pipeline/work/53/078c6eb263c5f4fc10707c48b201cd/megahit_out/tmp/k141/141 --num_cpu_threads 2 -k 141 --kmer_from 119 --input_prefix /zfs/work/aphernand001/Metagenoil/mag-pipeline/work/53/078c6eb263c5f4fc10707c48b201cd/megahit_out/tmp/k141/141 --addi_contig /zfs/work/aphernand001/Metagenoil/mag-pipeline/work/53/078c6eb263c5f4fc10707c48b201cd/megahit_out/intermediate_contigs/k119.addi.fa --local_contig /zfs/work/aphernand001/Metagenoil/mag-pipeline/work/53/078c6eb263c5f4fc10707c48b201cd/megahit_out/intermediate_contigs/k119.local.fa --contig /zfs/work/aphernand001/Metagenoil/mag-pipeline/work/53/078c6eb263c5f4fc10707c48b201cd/megahit_out/intermediate_contigs/k119.contigs.fa --bubble /zfs/work/aphernand001/Metagenoil/mag-pipeline/work/53/078c6eb263c5f4fc10707c48b201cd/megahit_out/intermediate_contigs/k119.bubble_seq.fa
2026-09-17 14:53:45 - b'INFO  sorting/base_engine.cpp       :  148 - Preparing data...'
2026-09-17 14:53:45 - b'INFO  sorting/seq_to_sdbg.cpp       :  369 - Number edges: 27'
2026-09-17 14:53:45 - b'INFO  sorting/seq_to_sdbg.cpp       :  413 - Bases to reserve: 696654, number contigs: 2852, number multiplicity: 2879'
2026-09-17 14:53:45 - b'INFO  sorting/seq_to_sdbg.cpp       :  421 - Before reading, sizeof seq_package: 196988, multiplicity vector: 2879'
2026-09-17 14:53:45 - b'INFO  sorting/seq_to_sdbg.cpp       :  428 - Read 27 edges.'
2026-09-17 14:53:45 - b'INFO  sorting/seq_to_sdbg.cpp       :  429 - After reading, sizeof seq_package: 196988/27/3834, multiplicity vector: 27/2879'
2026-09-17 14:53:45 - b'INFO  sorting/seq_to_sdbg.cpp       :  458 - Read 1585 contigs from /zfs/work/aphernand001/Metagenoil/mag-pipeline/work/53/078c6eb263c5f4fc10707c48b201cd/megahit_out/intermediate_contigs/k119.contigs.fa.'
2026-09-17 14:53:45 - b'INFO  sorting/seq_to_sdbg.cpp       :  459 - After reading contigs, sizeof seq_package: 719480/1612/2370151, multiplicity vector: 1612/2879'
2026-09-17 14:53:45 - b'INFO  sorting/seq_to_sdbg.cpp       :  470 - Read 139 contigs from /zfs/work/aphernand001/Metagenoil/mag-pipeline/work/53/078c6eb263c5f4fc10707c48b201cd/megahit_out/intermediate_contigs/k119.bubble_seq.fa.'
2026-09-17 14:53:45 - b'INFO  sorting/seq_to_sdbg.cpp       :  471 - After reading contigs, sizeof seq_package: 719480/1751/2509519, multiplicity vector: 1751/2879'
2026-09-17 14:53:45 - b'INFO  sorting/seq_to_sdbg.cpp       :  484 - Read 3 contigs from /zfs/work/aphernand001/Metagenoil/mag-pipeline/work/53/078c6eb263c5f4fc10707c48b201cd/megahit_out/intermediate_contigs/k119.addi.fa.'
2026-09-17 14:53:45 - b'INFO  sorting/seq_to_sdbg.cpp       :  485 - After reading contigs, sizeof seq_package: 719480/1754/2525396, multiplicity vector: 1754/2879'
2026-09-17 14:53:45 - b'INFO  sorting/seq_to_sdbg.cpp       :  498 - Read 1117 contigs from /zfs/work/aphernand001/Metagenoil/mag-pipeline/work/53/078c6eb263c5f4fc10707c48b201cd/megahit_out/intermediate_contigs/k119.local.fa.'
2026-09-17 14:53:45 - b'INFO  sorting/seq_to_sdbg.cpp       :  499 - After reading contigs, sizeof seq_package: 1416136/2871/3169636, multiplicity vector: 2871/2879'
2026-09-17 14:53:45 - b'INFO  sorting/seq_to_sdbg.cpp       :  506 - Finally, sizeof seq_package: 1416136/2871/3169636, multiplicity vector: 2871/2879'
2026-09-17 14:53:45 - b'INFO  sorting/base_engine.cpp       :  153 - Preparing data... Done. Time elapsed: 0.0475'
2026-09-17 14:53:45 - b'INFO  sorting/base_engine.cpp       :  156 - Preparing partitions and calculating bucket sizes...'
2026-09-17 14:53:45 - b'INFO  sorting/base_engine.cpp       :   80 - Minimum memory required: 1645762 bytes'
2026-09-17 14:53:45 - b'INFO  sorting/base_engine.cpp       :  138 - Lv1 items: 738817, Lv2 items: 631'
2026-09-17 14:53:45 - b'INFO  sorting/base_engine.cpp       :  139 - Memory of derived class: 1446686, Memory for Lv1+Lv2: 2980508'
2026-09-17 14:53:45 - b'INFO  sorting/base_engine.cpp       :  165 - Preparing partitions and calculating bucket sizes... Done. Time elapsed: 0.0655'
2026-09-17 14:53:45 - b'INFO  sorting/base_engine.cpp       :  172 - Start main loop...'
2026-09-17 14:53:45 - b'INFO  sorting/base_engine.cpp       :  185 - Lv1 scanning from bucket 0 to 3050'
2026-09-17 14:53:45 - b'INFO  sorting/base_engine.cpp       :  192 - Lv1 scanning done. Large diff: 0. Time elapsed: 0.0548'
2026-09-17 14:53:45 - b'INFO  sorting/base_engine.cpp       :  198 - Lv1 fetching & sorting done. Time elapsed: 0.1374'
2026-09-17 14:53:45 - b'INFO  sorting/base_engine.cpp       :  185 - Lv1 scanning from bucket 3050 to 7546'
2026-09-17 14:53:45 - b'INFO  sorting/base_engine.cpp       :  192 - Lv1 scanning done. Large diff: 0. Time elapsed: 0.0580'
2026-09-17 14:53:45 - b'INFO  sorting/base_engine.cpp       :  198 - Lv1 fetching & sorting done. Time elapsed: 0.1414'
2026-09-17 14:53:45 - b'INFO  sorting/base_engine.cpp       :  185 - Lv1 scanning from bucket 7546 to 13175'
2026-09-17 14:53:45 - b'INFO  sorting/base_engine.cpp       :  192 - Lv1 scanning done. Large diff: 0. Time elapsed: 0.0594'
2026-09-17 14:53:45 - b'INFO  sorting/base_engine.cpp       :  198 - Lv1 fetching & sorting done. Time elapsed: 0.1467'
2026-09-17 14:53:45 - b'INFO  sorting/base_engine.cpp       :  185 - Lv1 scanning from bucket 13175 to 19993'
2026-09-17 14:53:45 - b'INFO  sorting/base_engine.cpp       :  192 - Lv1 scanning done. Large diff: 0. Time elapsed: 0.0593'
2026-09-17 14:53:46 - b'INFO  sorting/base_engine.cpp       :  198 - Lv1 fetching & sorting done. Time elapsed: 0.1508'
2026-09-17 14:53:46 - b'INFO  sorting/base_engine.cpp       :  185 - Lv1 scanning from bucket 19993 to 28248'
2026-09-17 14:53:46 - b'INFO  sorting/base_engine.cpp       :  192 - Lv1 scanning done. Large diff: 0. Time elapsed: 0.0605'
2026-09-17 14:53:46 - b'INFO  sorting/base_engine.cpp       :  198 - Lv1 fetching & sorting done. Time elapsed: 0.1595'
2026-09-17 14:53:46 - b'INFO  sorting/base_engine.cpp       :  185 - Lv1 scanning from bucket 28248 to 38505'
2026-09-17 14:53:46 - b'INFO  sorting/base_engine.cpp       :  192 - Lv1 scanning done. Large diff: 0. Time elapsed: 0.0623'
2026-09-17 14:53:46 - b'INFO  sorting/base_engine.cpp       :  198 - Lv1 fetching & sorting done. Time elapsed: 0.1632'
2026-09-17 14:53:46 - b'INFO  sorting/base_engine.cpp       :  185 - Lv1 scanning from bucket 38505 to 52619'
2026-09-17 14:53:46 - b'INFO  sorting/base_engine.cpp       :  192 - Lv1 scanning done. Large diff: 0. Time elapsed: 0.0621'
2026-09-17 14:53:46 - b'INFO  sorting/base_engine.cpp       :  198 - Lv1 fetching & sorting done. Time elapsed: 0.1622'
2026-09-17 14:53:46 - b'INFO  sorting/base_engine.cpp       :  185 - Lv1 scanning from bucket 52619 to 65536'
2026-09-17 14:53:46 - b'INFO  sorting/base_engine.cpp       :  192 - Lv1 scanning done. Large diff: 0. Time elapsed: 0.0440'
2026-09-17 14:53:46 - b'INFO  sorting/base_engine.cpp       :  198 - Lv1 fetching & sorting done. Time elapsed: 0.0704'
2026-09-17 14:53:46 - b'INFO  sorting/base_engine.cpp       :  204 - Main loop done. Time elapsed: 1.5935'
2026-09-17 14:53:46 - b'INFO  sorting/base_engine.cpp       :  207 - Postprocessing...'
2026-09-17 14:53:47 - b'INFO  sorting/seq_to_sdbg.cpp       :  793 - Number of $ A C G T A- C- G- T-:'
2026-09-17 14:53:47 - b'INFO  sorting/seq_to_sdbg.cpp       :  794 - 3229 1174693 989841 991003 1173843 54 46 48 61'
2026-09-17 14:53:47 - b'INFO  sorting/seq_to_sdbg.cpp       :  800 - Total number of edges: 4332818'
2026-09-17 14:53:47 - b'INFO  sorting/seq_to_sdbg.cpp       :  801 - Total number of ONEs: 4329380'
2026-09-17 14:53:47 - b'INFO  sorting/seq_to_sdbg.cpp       :  802 - Total number of $v edges: 3229'
2026-09-17 14:53:47 - b'INFO  sorting/base_engine.cpp       :  210 - Postprocess done. Time elapsed: 0.2273'
2026-09-17 14:53:47 - b'INFO  utils/utils.h                 :  152 - Real: 1.9409\tuser: 3.7454\tsys: 0.0848\tmaxrss: 29852'
2026-09-17 14:53:47 - Assemble contigs from SdBG for k = 141
2026-09-17 14:53:47 - command /zfs/softs/contrib/apps/anaconda/3/envs/megahit-1.2.9/bin/megahit_core assemble -s /zfs/work/aphernand001/Metagenoil/mag-pipeline/work/53/078c6eb263c5f4fc10707c48b201cd/megahit_out/tmp/k141/141 -o /zfs/work/aphernand001/Metagenoil/mag-pipeline/work/53/078c6eb263c5f4fc10707c48b201cd/megahit_out/intermediate_contigs/k141 -t 2 --min_standalone 300 --prune_level 2 --merge_len 20 --merge_similar 0.95 --cleaning_rounds 5 --disconnect_ratio 0.1 --low_local_ratio 0.2 --cleaning_rounds 5 --min_depth 2 --bubble_level 2 --max_tip_len 160.0 --is_final_round
2026-09-17 14:53:47 - b'INFO  main_assemble.cpp             :  129 - Loading succinct de Bruijn graph: /zfs/work/aphernand001/Metagenoil/mag-pipeline/work/53/078c6eb263c5f4fc10707c48b201cd/megahit_out/tmp/k141/141Done. Time elapsed: 0.385872'
2026-09-17 14:53:47 - b'INFO  main_assemble.cpp             :  133 - Number of Edges: 4332818; K value: 141'
2026-09-17 14:53:47 - b'INFO  main_assemble.cpp             :  140 - Number of CPU threads: 2'
2026-09-17 14:53:48 - b'INFO  assembly/sdbg_pruning.cpp     :  160 - Removing tips with length less than 2; Accumulated tips removed: 4; time elapsed: 0.0287'
2026-09-17 14:53:48 - b'INFO  assembly/sdbg_pruning.cpp     :  160 - Removing tips with length less than 4; Accumulated tips removed: 12; time elapsed: 0.0329'
2026-09-17 14:53:48 - b'INFO  assembly/sdbg_pruning.cpp     :  160 - Removing tips with length less than 8; Accumulated tips removed: 22; time elapsed: 0.0448'
2026-09-17 14:53:48 - b'INFO  assembly/sdbg_pruning.cpp     :  160 - Removing tips with length less than 16; Accumulated tips removed: 44; time elapsed: 0.0622'
2026-09-17 14:53:48 - b'INFO  assembly/sdbg_pruning.cpp     :  160 - Removing tips with length less than 32; Accumulated tips removed: 58; time elapsed: 0.1041'
2026-09-17 14:53:48 - b'INFO  assembly/sdbg_pruning.cpp     :  160 - Removing tips with length less than 64; Accumulated tips removed: 114; time elapsed: 0.1717'
2026-09-17 14:53:49 - b'INFO  assembly/sdbg_pruning.cpp     :  160 - Removing tips with length less than 128; Accumulated tips removed: 228; time elapsed: 0.3189'
2026-09-17 14:53:49 - b'INFO  assembly/sdbg_pruning.cpp     :  169 - Removing tips with length less than 160; Accumulated tips removed: 252; time elapsed: 0.4044'
2026-09-17 14:53:49 - b'INFO  main_assemble.cpp             :  158 - Tips removal done! Time elapsed(sec): 1.980'
2026-09-17 14:53:52 - b'INFO  assembly/unitig_graph.cpp     :   83 - Graph size without loops: 1716, palindrome: 0'
2026-09-17 14:53:52 - b'INFO  main_assemble.cpp             :  166 - unitig graph size: 1719, time for building: 2.778'
2026-09-17 14:53:52 - b'INFO  assembly/contig_stat.h        :   40 - Max: 94357, Min: 142, N50: 6885, number contigs: 1719, number isolated: 1486, number looped: 3, total size: 2396767,'
2026-09-17 14:53:52 - b'INFO  main_assemble.cpp             :  184 - Graph cleaning round 1'
2026-09-17 14:53:52 - b'INFO  main_assemble.cpp             :  200 - Number of bubbles removed: 31, Time elapsed(sec): 0.004'
2026-09-17 14:53:52 - b'INFO  main_assemble.cpp             :  210 - Number of complex bubbles removed: 11, Time elapsed(sec): 0.006341'
2026-09-17 14:53:52 - b'INFO  main_assemble.cpp             :  221 - Number unitigs disconnected: 2, time: 0.001'
2026-09-17 14:53:52 - b'INFO  main_assemble.cpp             :  245 - Unitigs removed in excessive pruning: 0, time: 0.000'
2026-09-17 14:53:52 - b'INFO  main_assemble.cpp             :  184 - Graph cleaning round 2'
2026-09-17 14:53:52 - b'INFO  main_assemble.cpp             :  192 - Tips removed: 0, time: 0.005'
2026-09-17 14:53:52 - b'INFO  main_assemble.cpp             :  200 - Number of bubbles removed: 0, Time elapsed(sec): 0.001'
2026-09-17 14:53:52 - b'INFO  main_assemble.cpp             :  210 - Number of complex bubbles removed: 0, Time elapsed(sec): 0.001128'
2026-09-17 14:53:52 - b'INFO  main_assemble.cpp             :  221 - Number unitigs disconnected: 0, time: 0.001'
2026-09-17 14:53:52 - b'INFO  main_assemble.cpp             :  245 - Unitigs removed in excessive pruning: 0, time: 0.000'
2026-09-17 14:53:52 - b'INFO  assembly/contig_stat.h        :   40 - Max: 94357, Min: 142, N50: 7415, number contigs: 1591, number isolated: 1525, number looped: 3, total size: 2372177,'
2026-09-17 14:53:52 - b'INFO  main_assemble.cpp             :  286 - Number of local low depth unitigs removed: 2, complex bubbles removed: 0, time: 0.002332'
2026-09-17 14:53:52 - b'INFO  assembly/contig_stat.h        :   40 - Max: 94357, Min: 142, N50: 7415, number contigs: 1585, number isolated: 1527, number looped: 3, total size: 2371080,'
2026-09-17 14:53:53 - b'INFO  utils/utils.h                 :  152 - Real: 6.0915\tuser: 11.5972\tsys: 0.0559\tmaxrss: 22312'
2026-09-17 14:53:53 - Merging to output final contigs 
2026-09-17 14:53:53 - 1582 contigs, total 2370643 bp, min 209 bp, max 94357 bp, avg 1498 bp, N50 7415 bp
2026-09-17 14:53:53 - ALL DONE. Time elapsed: 223.367523 seconds 
